name,year,selling_price,km_driven,fuel,seller_type,transmission,owner,seats,max_power (in bph),Mileage Unit,Mileage,Engine (CC)
5,13,151,325,1,1,1,0,1,29,1,82,12
3,9,64,308,1,1,1,0,1,55,1,75,16
3,16,147,144,3,1,1,0,1,37,1,11,10
8,10,113,256,1,1,1,0,1,18,1,85,14
1,12,53,347,1,1,1,0,1,22,1,10,17
3,11,172,170,1,1,1,2,1,55,1,75,16
5,1,35,234,3,1,1,2,1,3,1,5,1
3,15,229,272,1,1,1,0,1,51,1,68,16
4,10,41,272,1,1,1,2,1,12,1,35,19
5,11,209,214,1,1,1,0,1,53,1,49,12
7,17,172,110,3,1,1,0,1,42,1,14,11
5,15,199,144,3,1,1,0,1,38,1,46,10
5,17,265,196,3,0,1,0,1,63,1,25,20
7,10,81,302,1,1,1,0,1,53,1,41,12
3,10,48,289,3,1,1,4,1,34,1,16,10
3,12,141,188,1,1,1,0,1,52,1,44,16
5,18,221,100,3,1,1,0,1,38,1,46,10
9,15,185,125,1,1,1,0,1,68,1,60,22
5,17,150,100,3,1,0,0,1,14,1,22,5
9,16,172,234,1,1,1,0,1,71,1,53,22
3,10,66,188,3,1,1,2,1,34,1,16,10
5,12,151,302,1,1,1,2,1,29,1,73,12
9,12,151,348,1,1,1,0,1,65,1,24,26
1,14,210,256,1,1,1,0,1,58,1,71,22
5,16,166,35,3,0,1,0,1,15,1,79,5
3,11,90,93,3,0,1,0,1,20,1,7,7
3,14,114,144,3,0,1,2,1,20,1,7,7
5,7,19,205,3,0,1,4,1,3,1,5,1
3,16,239,289,1,1,1,0,1,51,1,68,16
5,8,45,228,3,0,1,2,1,16,1,56,5
5,18,212,35,3,1,1,0,1,36,1,43,10
5,17,210,110,3,1,1,0,1,38,1,46,10
3,12,179,330,1,1,1,2,1,76,1,67,24
3,12,153,209,1,1,1,0,1,52,1,58,16
5,19,161,41,3,1,1,0,1,15,1,51,5
5,16,207,125,3,1,1,0,1,40,1,31,10
5,16,147,110,3,1,1,0,1,15,1,22,5
3,15,295,163,1,1,1,0,1,73,1,3,24
1,16,265,226,1,1,1,0,1,60,1,75,22
6,17,113,81,3,1,1,0,1,14,1,76,6
5,14,117,125,3,1,1,2,1,15,1,79,5
5,7,12,197,3,1,1,1,1,3,1,5,1
5,12,215,256,1,1,1,2,2,52,1,29,12
5,14,235,289,1,1,1,2,2,52,1,29,12
5,11,110,78,3,0,1,0,1,36,1,43,10
7,17,290,29,1,0,0,0,1,69,1,49,21
9,10,95,272,1,1,1,2,1,65,1,24,26
1,10,38,302,1,1,1,0,1,19,1,10,17
5,14,176,113,3,1,1,0,1,36,1,18,10
5,14,129,163,3,1,0,2,1,14,1,22,5
5,9,61,302,1,1,1,0,1,27,1,40,12
8,9,95,188,1,1,1,0,1,47,1,47,14
7,16,168,256,1,1,1,0,1,29,1,74,12
5,15,155,188,3,1,1,2,1,40,1,31,10
7,18,177,42,3,1,1,0,1,43,1,14,11
5,14,203,211,1,1,1,0,2,52,1,29,12
5,16,188,163,3,1,1,0,1,40,1,31,10
5,17,139,110,3,1,0,0,1,14,1,22,5
5,16,188,62,3,1,1,0,1,36,1,43,10
5,17,235,27,3,1,0,0,1,36,1,60,10
5,16,172,62,3,1,1,0,1,36,1,18,10
5,14,90,188,3,1,1,0,1,15,1,22,5
5,17,263,11,3,1,0,0,1,38,1,46,10
5,10,38,81,3,1,1,2,1,3,1,5,1
3,19,180,102,3,1,1,0,1,37,1,11,10
5,14,72,125,3,1,1,0,1,4,1,70,1
5,15,113,320,3,1,1,0,1,15,1,22,5
5,9,74,289,1,1,1,2,1,27,1,40,12
3,16,292,117,1,1,1,0,1,73,1,3,24
5,14,219,234,1,1,1,0,2,52,1,29,12
5,12,188,211,1,1,1,0,1,29,1,82,12
3,8,53,170,3,1,1,2,1,34,1,16,10
5,13,172,302,1,1,1,2,1,29,1,82,12
5,14,113,272,3,1,1,0,1,39,1,18,10
3,16,257,123,1,1,1,0,1,51,1,68,16
3,12,182,261,1,1,1,0,1,75,1,67,24
5,11,117,341,1,1,1,0,1,29,1,82,12
5,14,181,62,3,1,1,0,1,40,1,31,10
5,13,124,234,3,1,1,0,1,36,1,18,10
3,14,172,211,1,1,1,1,1,51,1,68,16
7,11,90,188,1,1,1,0,1,52,1,37,12
5,4,14,144,3,1,1,2,1,3,1,5,1
5,15,177,62,3,1,1,0,1,36,1,18,10
5,18,228,48,3,1,1,0,1,36,1,36,10
5,4,7,271,3,1,1,2,1,3,1,5,1
7,17,220,35,3,1,0,0,1,43,1,14,11
5,16,135,149,3,1,1,0,1,15,1,22,5
3,17,299,81,1,1,1,0,1,50,1,45,16
5,15,221,163,3,1,0,0,1,38,1,46,10
5,13,133,163,3,1,1,0,1,36,1,18,10
5,16,114,112,3,1,1,0,1,15,1,79,5
5,10,45,353,1,1,1,4,1,27,1,40,12
5,4,6,234,3,1,1,1,1,3,1,5,1
5,12,163,289,1,1,1,4,2,52,1,29,12
1,9,40,256,1,1,1,2,1,19,1,10,17
5,17,210,168,3,0,1,0,1,36,1,60,10
6,17,129,41,3,0,1,0,1,5,1,27,2
8,12,133,211,1,0,1,2,1,17,1,85,14
3,8,58,188,3,0,1,0,1,34,1,16,10
6,13,195,125,1,0,1,0,1,41,1,19,19
3,9,28,211,3,1,1,1,1,34,1,16,10
5,12,64,183,3,2,1,0,1,16,1,56,5
5,18,221,15,3,2,0,0,1,36,1,60,10
5,17,209,210,3,0,0,0,1,36,1,60,10
3,9,35,283,3,1,1,4,1,34,1,16,10
3,13,183,211,1,1,1,4,1,76,1,67,24
5,11,95,272,1,1,1,2,1,53,1,49,12
5,15,68,163,3,1,1,0,1,4,1,70,1
5,19,135,110,0,1,1,0,1,8,0,32,9
5,9,35,234,3,1,1,0,1,18,1,34,5
3,12,60,163,3,1,1,2,1,6,1,40,3
3,16,280,144,1,1,1,0,1,50,1,45,16
5,9,38,234,3,1,1,2,1,3,1,5,1
8,12,151,202,1,1,1,0,1,18,1,85,14
5,12,182,302,1,1,1,2,1,29,1,82,12
9,14,177,289,1,1,1,2,1,53,1,11,22
4,10,65,348,1,1,1,2,1,12,1,35,19
5,13,104,163,3,1,1,0,1,15,1,79,5
1,14,92,211,1,1,1,0,1,20,1,10,17
5,13,126,81,3,1,1,0,1,15,1,79,5
5,18,228,35,3,1,1,0,1,36,1,43,10
1,17,280,100,1,1,1,0,1,60,1,75,22
3,14,210,163,1,1,1,2,1,51,1,42,16
3,11,181,302,1,1,1,0,1,51,1,68,16
5,14,145,163,3,1,1,2,1,39,1,18,10
6,17,291,54,1,0,1,0,1,67,1,0,19
1,12,95,188,1,1,1,2,1,55,1,83,22
3,7,65,163,3,1,1,0,1,20,1,7,7
3,17,172,188,3,1,1,0,1,37,1,11,10
5,13,74,81,3,1,1,0,1,4,1,70,1
9,10,74,211,1,1,1,2,1,65,1,24,26
8,12,135,144,1,1,1,0,1,17,1,85,14
5,15,83,163,3,1,1,0,1,4,1,70,1
5,10,39,256,3,1,1,0,1,18,1,34,5
3,12,44,188,3,1,1,0,1,6,1,40,3
5,8,21,188,3,1,1,4,1,3,1,5,1
9,11,151,256,1,1,1,0,1,65,1,24,26
5,10,57,145,3,1,1,0,1,18,1,34,5
3,16,104,44,3,1,1,2,1,6,1,40,3
5,8,24,211,3,1,1,2,1,3,1,5,1
1,12,53,211,1,1,1,2,1,14,1,4,17
5,1,28,163,3,1,1,2,1,3,1,5,1
5,14,67,188,3,1,1,0,1,4,1,70,1
5,14,129,125,3,1,1,0,1,15,1,22,5
3,15,265,182,1,1,1,0,1,73,1,3,24
3,16,95,35,3,1,1,0,1,6,1,40,3
3,18,157,81,3,1,0,1,1,19,1,14,7
1,13,166,172,1,0,1,0,1,60,1,75,22
3,10,61,302,1,1,1,2,1,55,1,75,16
5,12,216,302,1,1,1,2,2,53,1,29,12
3,12,181,223,1,1,0,0,1,75,1,67,24
1,12,72,211,1,1,1,2,1,22,1,10,17
3,11,57,225,3,1,1,1,1,34,1,16,10
5,19,240,1,3,1,1,0,1,36,1,43,10
5,14,133,125,3,1,1,0,1,15,1,22,5
3,14,87,188,3,1,1,2,1,6,1,40,3
9,16,235,128,1,0,1,0,1,71,1,53,22
3,11,83,138,3,0,1,2,1,6,1,40,3
3,10,133,366,1,0,1,0,1,76,1,67,24
5,14,172,332,3,0,1,0,1,36,1,60,10
3,10,53,234,3,1,1,0,1,20,1,7,7
6,15,113,81,3,1,1,0,1,14,1,76,6
5,12,53,76,3,1,1,0,1,4,1,70,1
1,11,95,211,1,1,1,2,1,19,1,10,17
3,7,27,234,3,1,1,2,1,20,1,7,7
5,10,95,211,1,1,1,2,1,29,1,73,12
5,13,139,234,1,1,1,0,1,29,1,82,12
3,14,66,163,3,1,1,0,1,6,1,40,3
1,15,221,305,1,1,1,0,1,58,1,71,22
5,15,113,234,3,1,1,0,1,15,1,22,5
3,9,83,256,1,1,1,4,1,55,1,75,16
7,16,151,163,1,1,1,0,1,29,1,74,12
3,7,84,270,3,1,1,4,1,34,1,16,10
5,11,58,256,3,1,1,4,1,3,1,5,1
5,18,224,81,3,1,1,0,1,36,1,43,10
1,18,257,100,1,1,1,4,1,60,1,75,22
9,10,95,214,1,1,1,2,1,65,1,24,26
5,14,104,163,3,1,1,2,1,15,1,22,5
3,9,57,62,3,1,1,0,1,20,1,7,7
6,15,95,163,3,1,1,0,1,14,1,76,6
3,14,90,52,3,1,1,0,1,6,1,40,3
5,15,131,163,3,1,1,0,1,15,1,79,5
3,13,49,197,3,1,1,2,1,6,1,40,3
3,14,237,163,1,1,1,0,1,51,1,68,16
3,11,108,317,1,1,1,0,1,52,1,58,16
5,13,95,110,3,1,1,0,1,15,1,79,5
7,12,87,234,1,1,1,0,1,52,1,37,12
3,17,172,35,3,1,1,0,1,37,1,11,10
6,16,95,110,3,1,1,0,1,14,1,76,6
9,13,113,188,1,1,1,2,1,53,1,11,22
5,14,151,100,3,1,1,0,1,36,1,18,10
3,10,44,234,3,1,1,2,1,6,1,40,3
3,12,53,234,3,1,1,2,1,6,1,40,3
5,4,6,330,3,1,1,2,1,3,1,5,1
9,9,84,234,1,1,1,1,1,27,1,62,11
3,11,105,272,1,1,1,2,1,55,1,75,16
7,11,74,125,1,1,1,0,1,29,1,66,12
5,9,39,100,3,1,1,4,1,3,1,5,1
5,12,142,246,1,1,1,2,1,29,1,73,12
6,17,133,188,3,1,1,0,1,14,1,76,6
5,14,142,11,3,1,1,0,1,15,1,22,5
5,16,197,100,3,1,1,0,1,36,1,18,10
3,14,57,125,3,1,1,0,1,6,1,40,3
7,18,188,44,3,1,1,0,1,43,1,14,11
5,7,9,302,3,1,1,0,1,3,1,5,1
5,8,11,256,3,1,1,1,3,0,1,5,1
3,11,71,121,3,1,1,0,1,6,1,40,3
5,12,74,256,3,1,1,2,1,15,1,22,5
5,15,225,188,3,1,1,0,1,38,1,46,10
5,11,87,339,1,1,1,0,1,28,1,80,12
3,16,291,188,1,1,1,0,1,73,1,3,24
5,16,181,211,3,1,1,0,1,40,1,31,10
5,14,69,44,3,1,1,0,1,4,1,70,1
5,14,66,62,3,1,1,0,1,4,1,70,1
1,14,212,234,1,1,1,0,1,58,1,71,22
4,13,113,289,1,1,1,2,1,12,1,30,19
5,13,113,110,3,1,1,0,1,15,1,22,5
5,13,125,110,3,1,1,0,1,15,1,22,5
3,14,117,62,3,1,1,0,1,20,1,7,7
3,15,141,44,3,1,1,0,1,20,1,7,7
5,8,19,182,3,1,1,0,1,3,1,5,1
3,14,55,135,3,1,1,2,1,20,1,14,5
5,12,209,188,1,1,1,0,2,53,1,29,12
3,10,95,234,1,1,1,0,1,76,1,67,24
5,14,247,42,1,1,1,0,2,52,1,29,12
3,10,38,179,3,1,1,0,1,6,1,40,3
8,14,291,188,1,1,1,0,1,47,1,47,14
7,9,35,302,1,1,1,2,1,53,1,41,12
5,14,113,81,3,1,1,0,1,15,1,79,5
6,18,203,39,3,1,1,0,2,26,1,10,6
1,9,44,289,1,1,1,2,1,19,1,10,17
3,9,83,272,1,1,1,1,1,55,1,58,16
1,10,48,256,1,1,1,2,1,19,1,10,17
8,12,135,256,1,1,1,0,1,15,1,85,14
3,14,83,135,3,1,1,0,1,6,1,40,3
7,16,87,234,1,1,1,0,1,29,1,74,12
7,11,24,188,1,1,1,0,1,29,1,66,12
3,13,79,57,3,1,1,0,1,6,1,40,3
3,11,104,284,1,1,1,2,1,55,1,58,16
5,19,122,44,3,1,1,0,1,4,1,61,1
3,17,247,100,1,1,1,0,1,52,1,42,16
3,18,151,35,3,1,1,0,1,19,1,14,7
5,11,133,272,1,1,1,4,2,52,1,29,12
5,12,52,188,3,1,1,2,1,18,1,12,5
3,15,185,234,1,1,1,4,1,51,1,42,16
5,10,74,245,1,1,1,2,1,53,1,49,12
3,11,151,302,1,1,1,2,1,76,1,67,24
3,18,289,44,1,1,1,0,1,50,1,63,16
5,11,137,285,1,1,1,0,1,29,1,82,12
1,10,42,257,1,1,1,0,1,19,1,10,17
5,2,6,302,1,1,1,4,1,7,1,30,23
5,18,228,11,3,1,1,0,1,36,1,43,10
6,15,183,163,1,1,1,0,1,41,1,8,19
6,18,228,11,3,1,1,0,2,26,1,10,6
5,11,141,268,1,1,1,2,2,53,1,29,12
3,16,265,193,1,1,1,0,1,51,1,68,16
5,18,228,11,3,1,0,0,1,38,1,46,10
5,9,35,259,3,1,1,0,1,3,1,5,1
9,11,113,125,1,1,1,0,1,65,1,24,26
5,11,95,211,1,1,1,0,1,28,1,80,12
3,12,235,302,1,1,1,0,1,74,1,69,24
0,12,95,197,1,1,1,0,1,32,1,63,12
3,14,221,272,1,1,1,0,1,51,1,68,16
3,14,221,234,1,1,1,0,1,51,1,68,16
9,12,113,234,1,1,1,4,1,27,1,62,11
5,12,68,188,3,1,1,0,1,18,1,34,5
5,13,188,163,1,1,1,2,2,52,1,29,12
5,12,113,125,3,1,1,0,1,15,1,22,5
1,11,141,237,1,0,1,0,1,19,1,10,17
1,13,247,275,1,0,1,0,1,54,1,69,22
1,12,209,306,1,0,1,2,1,58,1,71,22
7,17,280,125,1,1,0,0,1,69,1,49,21
5,12,135,272,1,1,1,4,1,28,1,80,12
5,0,13,362,3,1,1,1,1,3,1,5,1
5,16,141,125,3,1,1,2,1,15,1,79,5
3,12,98,211,3,1,1,0,1,20,1,7,7
3,16,294,282,1,1,1,0,1,50,1,45,16
9,10,128,234,1,1,1,2,1,27,1,62,11
5,8,19,256,3,1,1,0,1,3,1,5,1
5,14,83,170,3,1,1,2,1,4,1,70,1
5,18,209,35,3,1,0,0,1,36,1,43,10
5,12,58,81,3,1,1,0,1,18,1,34,5
3,14,247,219,1,1,1,0,1,73,1,3,24
5,17,255,130,3,0,1,0,1,36,1,43,10
5,17,247,44,3,0,1,0,1,36,1,60,10
3,16,297,194,1,0,1,0,1,73,1,3,24
5,15,133,110,3,1,0,0,1,15,1,79,5
0,14,163,234,1,1,1,2,1,29,1,63,12
5,4,7,125,3,1,1,2,1,3,1,5,1
5,4,5,125,3,1,1,2,1,3,1,5,1
5,14,113,256,1,1,1,0,1,28,1,80,12
4,11,113,81,1,1,1,0,1,13,1,38,19
5,15,110,125,3,1,1,0,1,15,1,22,5
3,13,95,197,3,1,1,0,1,34,1,16,10
5,13,55,44,3,1,1,2,1,4,1,70,1
4,11,77,211,1,1,1,2,1,13,1,30,19
3,16,87,163,3,1,1,2,1,6,1,40,3
3,10,64,234,3,1,1,2,1,20,1,7,7
4,11,79,211,1,1,1,2,1,13,1,38,19
1,11,87,188,1,1,1,0,1,19,1,10,17
4,13,113,283,1,1,1,2,1,13,1,30,19
5,12,74,91,3,1,1,0,1,18,1,34,5
5,6,9,211,3,1,1,2,1,3,1,5,1
5,16,210,44,3,1,1,0,1,36,1,60,10
5,14,175,100,3,1,1,0,1,40,1,31,10
6,12,145,302,1,1,1,0,1,44,1,52,19
1,9,57,272,1,1,1,2,1,19,1,10,17
6,16,90,163,3,1,1,0,1,14,1,76,6
5,5,10,125,3,1,1,0,1,3,1,5,1
5,18,151,35,0,1,1,0,1,8,0,59,9
5,13,114,255,1,1,1,2,1,28,1,80,12
3,14,64,302,3,1,1,2,1,6,1,40,3
5,10,28,163,3,1,1,4,1,18,1,34,5
5,16,122,320,0,1,1,0,1,8,0,59,9
3,14,172,307,1,1,1,0,1,51,1,42,16
3,18,195,44,3,1,1,0,1,37,1,11,10
5,8,19,302,3,1,1,0,1,3,1,5,1
5,10,87,363,1,1,1,0,1,29,1,73,12
5,8,44,245,1,1,1,4,1,27,1,40,12
3,8,110,125,1,1,1,0,1,55,1,75,16
5,16,133,197,3,1,1,2,1,15,1,22,5
5,4,9,211,3,1,1,4,1,3,1,5,1
6,16,269,197,1,1,1,0,3,69,1,9,19
5,18,163,81,3,1,1,0,1,36,1,23,10
2,15,265,216,1,1,1,0,2,59,1,58,22
7,11,95,125,1,1,1,0,1,24,1,84,16
5,9,61,62,3,1,1,0,1,45,1,40,10
5,13,151,234,1,1,1,0,1,29,1,82,12
3,17,257,100,1,1,1,0,1,52,1,42,16
9,10,124,209,1,1,1,2,1,65,1,24,26
5,3,2,294,3,1,1,2,1,3,1,5,1
6,11,95,272,1,1,1,4,1,11,1,78,19
7,11,35,289,1,1,1,0,1,29,1,66,12
1,14,209,256,1,1,1,0,1,58,1,71,22
1,10,55,272,1,1,1,2,1,19,1,10,17
5,18,210,35,3,1,0,0,1,36,1,43,10
5,13,174,289,1,1,1,0,1,29,1,82,12
5,13,175,272,1,1,1,0,1,29,1,82,12
3,13,152,258,1,1,1,0,1,51,1,68,16
3,8,40,272,3,1,1,0,1,34,1,16,10
5,12,151,302,1,1,1,2,1,29,1,82,12
5,15,97,188,3,1,1,2,1,4,1,70,1
0,15,74,188,1,1,1,2,1,29,1,63,12
1,11,53,281,1,1,1,2,1,19,1,10,17
5,13,174,272,1,1,1,2,1,29,1,73,12
5,13,66,163,3,1,1,0,1,4,1,70,1
5,18,204,35,3,1,1,0,1,36,1,43,10
4,17,172,35,1,1,1,0,3,2,1,83,4
5,18,151,188,0,1,1,0,1,8,0,59,9
3,12,106,211,1,1,1,4,1,52,1,58,16
9,10,79,302,1,1,1,4,1,65,1,24,26
5,8,24,234,3,1,1,4,1,3,1,5,1
3,13,84,170,3,1,1,0,1,34,1,16,10
9,12,107,272,1,1,1,4,1,65,1,24,26
5,11,151,270,1,1,1,1,2,53,1,29,12
3,13,74,188,3,1,1,0,1,6,1,40,3
3,9,39,234,3,1,1,4,1,34,1,16,10
7,16,181,61,3,0,0,0,1,43,1,14,11
3,16,228,84,1,0,1,0,1,55,1,58,16
5,15,133,221,3,0,1,0,1,16,1,56,5
1,16,265,195,1,0,1,0,1,54,1,69,22
3,11,83,176,3,1,1,0,1,34,1,16,10
3,18,145,59,3,0,1,0,1,21,1,14,7
3,15,199,170,1,0,1,0,1,51,1,68,16
3,16,209,11,3,1,1,0,1,37,1,11,10
8,12,83,169,1,0,1,0,1,15,1,85,14
4,17,225,220,1,0,1,0,2,30,1,35,22
5,16,168,180,3,0,0,0,1,36,1,33,10
5,9,21,302,3,1,1,4,1,3,1,5,1
5,14,108,100,3,1,1,0,1,15,1,22,5
9,11,65,211,1,1,1,1,1,27,1,62,11
3,16,241,125,1,1,1,0,1,51,1,68,16
3,11,131,302,1,1,1,0,1,76,1,67,24
3,13,61,163,3,1,1,4,1,6,1,40,3
1,12,68,272,1,1,1,0,1,22,1,10,17
3,9,58,302,1,1,1,4,1,55,1,75,16
5,11,133,256,1,1,1,2,1,29,1,73,12
7,14,74,62,3,1,0,0,0,1,1,58,0
3,18,265,35,1,1,1,0,1,52,1,68,16
5,11,74,256,3,1,1,0,1,18,1,34,5
3,15,222,133,1,0,1,0,1,52,1,42,16
5,17,163,64,3,0,1,0,1,36,1,33,10
4,14,149,126,1,0,1,0,2,30,1,35,22
5,13,192,256,1,1,1,0,2,53,1,29,12
1,12,161,152,1,0,1,2,1,60,1,54,22
5,16,177,94,1,0,1,0,1,29,1,82,12
3,8,65,163,3,1,1,2,1,20,1,7,7
5,10,74,188,1,1,1,2,1,27,1,40,12
1,9,31,163,1,1,1,2,1,19,1,10,17
0,13,79,121,1,1,1,0,1,29,1,63,12
8,14,161,302,1,1,1,0,1,16,1,85,14
1,10,96,277,1,1,1,4,1,19,1,10,17
5,14,235,163,1,1,1,0,2,52,1,29,12
7,16,267,211,1,1,1,0,1,69,1,49,21
3,17,265,188,1,1,1,0,1,52,1,68,16
5,5,38,256,3,1,1,0,1,3,1,5,1
3,14,98,163,3,1,1,0,1,20,1,7,7
5,14,134,205,3,1,1,2,1,36,1,18,10
3,6,27,272,3,1,1,2,1,20,1,7,7
5,17,133,53,3,1,1,0,1,15,1,22,5
5,15,113,81,3,1,1,0,1,15,1,22,5
5,11,45,188,3,1,1,2,1,3,1,5,1
9,12,188,121,1,1,1,0,1,27,1,62,11
2,15,272,260,1,1,1,0,2,59,1,58,22
5,17,215,35,3,1,1,0,1,38,1,46,10
3,11,90,272,1,1,1,2,1,55,1,58,16
5,14,87,93,3,1,1,2,1,4,1,70,1
6,16,221,302,1,1,1,0,1,41,1,8,19
5,13,221,163,1,1,1,0,1,29,1,82,12
5,14,221,85,3,1,1,0,1,56,1,28,15
5,18,235,62,3,1,0,0,1,36,1,60,10
6,15,176,125,1,1,1,0,1,41,1,8,19
5,19,216,11,3,1,1,0,1,36,1,36,10
5,15,95,125,3,1,1,0,1,4,1,70,1
5,4,7,272,3,1,1,1,1,3,1,5,1
3,18,188,8,3,2,1,0,1,37,1,26,10
5,15,209,19,3,2,1,0,1,36,1,36,10
5,13,53,137,3,0,1,2,1,4,1,70,1
5,13,141,163,1,1,1,2,1,51,1,56,12
5,17,199,62,3,1,1,0,1,38,1,46,10
1,14,209,192,1,1,1,0,1,58,1,71,22
6,17,113,100,3,1,1,0,1,14,1,76,6
5,16,133,40,3,1,1,0,1,15,1,22,5
7,17,235,110,1,1,1,0,1,69,1,49,21
3,7,39,256,3,1,1,0,1,20,1,7,7
5,4,44,159,3,1,1,0,1,3,1,5,1
3,15,61,272,3,1,1,0,1,6,1,40,3
7,12,19,302,1,1,1,0,1,29,1,66,12
0,12,139,148,1,1,1,2,1,32,1,63,12
3,14,74,234,3,1,1,0,1,6,1,40,3
5,12,126,272,1,1,1,4,2,53,1,29,12
5,13,103,234,3,1,1,0,1,17,1,22,5
3,17,163,125,3,1,1,0,1,37,1,11,10
5,14,107,211,3,1,1,4,1,15,1,79,5
5,13,74,125,3,1,1,0,1,4,1,70,1
3,15,221,100,1,1,1,0,1,51,1,68,16
1,10,53,234,1,1,1,2,1,19,1,10,17
2,7,74,188,3,1,0,4,1,69,1,10,13
5,17,192,62,3,1,1,0,1,38,1,46,10
5,15,172,100,3,1,1,0,1,40,1,31,10
3,12,139,209,1,1,1,4,1,76,1,67,24
5,14,145,81,3,1,1,2,1,40,1,31,10
3,19,228,11,3,1,0,0,1,37,1,26,10
3,8,40,256,3,1,1,2,1,34,1,16,10
3,16,302,256,1,1,1,0,1,73,1,3,24
5,10,83,254,1,1,1,2,1,27,1,40,12
5,12,163,234,1,1,1,0,1,29,1,82,12
3,15,235,125,1,1,1,0,1,51,1,68,16
5,14,221,289,1,1,1,4,2,52,1,29,12
3,14,305,152,1,1,1,2,1,73,1,3,24
9,15,289,188,1,1,0,0,1,70,1,64,22
3,11,40,125,3,1,1,0,1,6,1,40,3
5,15,79,197,3,1,1,2,1,4,1,70,1
8,13,133,302,1,1,1,2,1,15,1,85,14
7,16,263,110,1,1,1,0,1,69,1,49,21
1,16,265,188,1,1,1,0,1,58,1,71,22
5,16,221,211,3,1,1,0,1,40,1,31,10
5,18,181,62,3,1,0,0,1,36,1,33,10
3,14,209,285,1,1,1,0,1,51,1,42,16
5,18,172,44,3,1,1,0,1,36,1,43,10
5,14,135,56,3,1,1,0,1,15,1,22,5
3,10,161,234,1,1,1,0,1,76,1,67,24
3,12,48,211,3,1,1,0,1,6,1,40,3
1,10,64,211,1,1,1,0,1,19,1,10,17
3,10,113,256,1,1,1,4,1,55,1,75,16
5,13,68,163,3,1,1,0,1,4,1,70,1
5,11,5,302,3,1,1,2,3,0,1,5,1
7,18,221,44,1,1,1,0,1,29,1,74,12
5,10,57,110,3,1,1,2,1,18,1,34,5
5,7,14,234,3,1,1,2,1,3,1,5,1
7,16,226,81,1,1,1,0,1,69,1,49,21
9,16,190,168,1,1,1,0,1,71,1,53,22
9,16,192,168,1,1,1,0,1,71,1,53,22
3,10,113,299,1,1,1,0,1,55,1,75,16
3,18,181,272,3,1,1,0,1,37,1,11,10
8,15,195,324,1,1,1,2,1,16,1,85,14
1,10,64,256,1,1,1,2,1,19,1,10,17
3,18,205,256,3,1,1,0,1,37,1,11,10
5,12,177,182,1,1,1,0,1,29,1,82,12
3,12,53,125,3,1,1,0,1,6,1,40,3
5,13,106,256,1,1,1,2,1,28,1,80,12
5,14,113,163,3,1,1,2,1,15,1,22,5
3,10,147,234,1,1,1,4,1,75,1,67,24
3,10,104,211,1,1,1,2,1,55,1,58,16
1,13,113,295,1,0,1,0,1,14,1,4,17
1,12,98,256,1,1,1,2,1,22,1,10,17
6,13,192,314,1,1,1,2,1,67,1,6,19
5,12,159,302,1,1,1,4,1,29,1,73,12
5,17,188,11,3,1,1,0,1,36,1,60,10
3,14,271,234,1,1,1,2,1,73,1,3,24
5,16,172,135,3,1,1,0,1,40,1,31,10
5,14,61,125,3,1,1,2,1,4,1,70,1
5,10,40,211,3,1,1,4,1,3,1,5,1
5,15,156,62,3,1,1,0,1,15,1,22,5
5,11,79,51,3,1,1,0,1,18,1,12,5
6,16,106,121,3,1,1,0,1,14,1,76,6
3,15,110,100,3,1,1,0,1,6,1,40,3
7,11,78,110,1,1,1,0,1,23,1,77,16
7,9,57,302,1,1,1,0,1,53,1,41,12
7,11,61,256,1,1,1,0,1,23,1,77,16
7,11,73,110,1,1,1,2,1,23,1,77,16
3,17,291,211,1,1,1,0,1,50,1,45,16
5,15,188,62,3,1,1,0,1,36,1,18,10
5,17,142,49,3,2,1,0,1,15,1,22,5
5,16,195,82,3,2,1,0,1,36,1,36,10
6,17,302,39,1,1,1,0,1,67,1,0,19
3,16,247,125,1,1,1,2,1,51,1,68,16
5,3,18,188,3,1,1,2,1,3,1,5,1
6,12,204,234,1,1,1,2,1,41,1,20,19
5,5,19,302,3,1,1,1,1,3,1,5,1
5,5,35,272,3,1,1,2,1,3,1,5,1
5,8,35,211,3,1,1,1,1,3,1,5,1
5,12,208,188,1,1,1,2,2,52,1,29,12
5,15,195,256,3,1,1,0,1,36,1,18,10
9,12,147,223,1,1,1,2,1,27,1,62,11
6,17,135,110,3,1,1,0,1,14,1,76,6
7,10,53,244,1,1,1,0,1,24,1,84,16
3,7,58,211,3,1,1,2,1,34,1,16,10
5,14,176,144,3,1,1,2,1,40,1,31,10
3,16,95,188,3,1,1,0,1,20,1,14,5
1,11,74,125,1,1,1,0,1,19,1,10,17
3,10,57,289,3,1,1,2,1,20,1,7,7
5,6,24,253,3,1,1,4,1,3,1,5,1
5,15,98,44,3,1,1,0,1,4,1,70,1
4,11,53,234,1,1,1,2,1,13,1,30,19
3,17,148,44,3,1,1,0,1,6,1,40,3
4,10,64,179,1,1,1,2,1,12,1,35,19
5,9,35,302,3,1,1,2,1,3,1,5,1
5,13,14,163,3,1,1,2,1,3,1,5,1
5,11,64,125,3,1,1,0,1,3,1,5,1
5,13,221,256,1,1,1,0,2,53,1,29,12
1,10,61,272,1,1,1,0,1,19,1,10,17
9,16,215,108,1,1,0,0,1,68,1,60,22
5,17,161,100,3,1,1,0,1,15,1,51,5
3,17,185,20,3,0,1,0,1,19,1,14,7
5,18,166,10,3,0,1,0,1,15,1,51,5
7,16,274,90,1,0,1,0,1,69,1,49,21
5,16,209,80,3,0,1,0,1,36,1,18,10
6,17,107,100,3,1,1,0,1,14,1,76,6
1,11,95,256,1,1,1,0,1,19,1,10,17
5,12,215,342,1,1,1,4,2,52,1,29,12
8,16,307,11,1,1,1,0,1,46,1,47,14
1,17,280,92,1,0,1,0,1,58,1,71,22
5,16,188,125,3,1,0,0,1,36,1,33,10
3,8,35,289,3,1,1,2,1,34,1,16,10
3,15,175,234,1,1,1,0,1,51,1,68,16
5,19,139,81,3,1,1,0,1,15,1,51,5
5,13,44,174,3,1,1,0,1,4,1,70,1
5,12,181,272,1,1,1,0,1,29,1,82,12
5,12,188,272,1,1,1,0,1,29,1,82,12
3,11,133,318,1,1,1,0,1,76,1,67,24
5,15,72,163,3,1,1,0,1,4,1,70,1
7,12,79,356,1,1,1,0,1,52,1,37,12
9,13,136,256,1,1,0,2,1,62,1,43,22
3,13,151,176,1,1,1,0,1,52,1,58,16
5,15,114,188,3,1,1,0,1,15,1,79,5
5,12,53,256,3,1,1,0,1,4,1,70,1
3,16,113,62,3,1,1,2,1,6,1,40,3
5,18,172,44,3,1,1,0,1,36,1,33,10
5,11,77,100,3,1,1,0,1,4,1,70,1
5,10,44,188,3,1,1,0,1,3,1,5,1
5,14,83,161,3,1,1,2,1,4,1,70,1
7,11,98,246,1,1,1,0,1,53,1,41,12
3,10,44,110,3,1,1,0,1,6,1,40,3
5,14,188,163,3,1,1,0,1,40,1,31,10
3,14,272,324,1,1,1,0,1,73,1,69,24
5,15,161,289,1,1,1,0,1,28,1,80,12
5,15,129,234,3,1,1,0,1,15,1,22,5
5,9,40,223,3,1,1,2,1,3,1,5,1
3,11,49,234,3,1,1,2,1,6,1,40,3
6,14,166,223,1,0,1,0,1,41,1,8,19
5,17,221,69,3,1,1,2,1,63,1,50,20
9,12,113,234,1,1,1,0,1,27,1,62,11
1,15,221,163,1,1,1,0,1,58,1,71,22
3,14,261,188,1,1,1,0,1,73,1,3,24
5,11,107,163,1,1,1,2,1,29,1,73,12
5,13,95,222,3,1,1,2,1,15,1,22,5
5,18,172,37,3,1,1,0,1,14,1,51,5
7,15,117,289,1,1,1,0,1,50,1,75,12
5,11,76,152,3,1,1,0,1,18,1,34,5
5,11,87,211,1,1,1,2,1,29,1,73,12
5,17,174,211,3,1,1,2,1,36,1,60,10
5,10,66,272,1,1,1,2,1,29,1,73,12
3,9,25,234,3,1,1,4,1,20,1,7,7
5,12,53,163,3,1,1,0,1,4,1,70,1
5,11,125,211,1,1,1,4,1,29,1,73,12
5,7,22,58,3,1,1,0,1,3,1,5,1
5,15,133,81,3,1,1,0,1,15,1,79,5
5,11,53,98,3,1,1,0,1,18,1,34,5
5,15,95,163,3,1,1,2,1,4,1,70,1
5,11,61,272,3,1,1,0,1,4,1,70,1
3,15,207,188,1,1,1,2,1,51,1,68,16
5,16,182,100,3,1,1,2,1,38,1,46,10
3,17,106,35,3,1,1,0,1,6,1,40,3
5,17,188,35,3,1,1,0,1,38,1,46,10
5,17,238,81,3,1,1,0,1,56,1,28,15
5,12,113,188,1,1,1,0,1,29,1,73,12
7,17,254,188,1,1,1,0,1,69,1,49,21
4,18,280,52,1,1,1,0,1,72,1,10,21
5,16,133,163,3,1,1,0,1,15,1,22,5
4,11,79,289,1,1,1,0,1,13,1,38,19
7,11,53,256,1,1,1,0,1,24,1,84,16
5,19,203,211,3,1,1,0,1,49,1,81,10
9,10,107,200,1,1,1,2,1,66,1,21,26
4,13,74,163,1,1,1,2,1,13,1,38,19
5,12,95,211,1,1,1,0,1,29,1,82,12
5,14,87,234,3,1,1,0,1,4,1,70,1
5,17,188,79,3,1,1,0,1,36,1,60,10
5,10,24,272,3,1,1,2,1,3,1,5,1
1,12,65,211,1,1,1,0,1,22,1,10,17
5,15,64,110,3,1,1,2,1,4,1,70,1
5,16,139,100,3,1,1,0,1,15,1,22,5
5,9,24,302,3,1,1,4,3,0,1,5,1
5,5,19,100,3,1,1,2,1,3,1,5,1
5,18,200,5,3,1,1,0,1,36,1,33,10
5,11,65,163,3,1,1,0,1,18,1,34,5
9,16,272,219,1,1,1,0,1,70,1,65,22
3,15,74,289,3,1,1,0,1,6,1,40,3
9,15,188,211,1,1,1,0,1,48,1,11,22
5,18,168,35,3,1,1,0,1,36,1,23,10
3,8,35,234,3,1,1,2,1,34,1,16,10
5,12,209,352,1,1,1,0,2,52,1,29,12
5,12,181,209,1,1,1,2,1,29,1,73,12
3,16,95,29,3,1,1,0,1,6,1,40,3
5,19,74,302,3,1,1,2,1,14,1,51,5
5,15,113,211,3,1,1,0,1,15,1,22,5
5,6,27,179,3,1,1,0,1,3,1,5,1
3,17,279,188,1,1,1,0,1,50,1,63,16
7,10,58,211,1,1,1,0,1,23,1,77,16
3,7,61,110,3,1,1,0,1,34,1,16,10
5,10,49,145,3,1,1,2,1,3,1,5,1
5,9,21,234,3,1,1,1,1,3,1,5,1
5,14,84,50,3,1,1,0,1,4,1,70,1
5,14,209,28,3,1,1,0,1,40,1,31,10
5,17,238,62,3,1,1,0,1,36,1,60,10
3,10,64,163,3,1,1,0,1,20,1,7,7
3,12,188,163,1,1,1,0,1,50,1,83,16
5,18,210,11,3,1,1,0,1,36,1,43,10
1,15,176,207,1,0,1,0,1,54,1,69,22
1,17,275,107,1,0,1,0,1,58,1,71,22
1,11,64,249,1,0,1,2,1,20,1,10,17
5,16,209,89,3,0,0,0,1,36,1,43,10
6,14,209,204,1,0,1,0,1,41,1,19,19
5,11,81,312,1,0,1,2,1,28,1,80,12
5,12,181,289,1,1,1,0,1,29,1,82,12
7,16,188,100,3,1,1,0,1,43,1,14,11
3,9,53,211,3,1,1,2,1,20,1,7,7
3,13,53,188,3,1,1,2,1,6,1,40,3
3,9,57,266,3,1,1,2,1,34,1,16,10
7,18,225,110,1,1,1,0,1,29,1,74,12
3,11,151,188,1,1,1,4,1,76,1,67,24
3,14,286,256,1,1,1,0,1,73,1,3,24
1,11,87,188,1,1,1,2,1,50,1,83,22
5,12,40,188,3,1,1,1,1,4,1,70,1
5,18,216,7,3,1,1,0,1,36,1,43,10
3,10,74,163,3,1,1,0,1,34,1,16,10
3,8,44,211,3,1,1,2,1,34,1,16,10
3,13,112,73,3,1,1,2,1,34,1,16,10
5,13,50,188,3,1,1,2,1,4,1,70,1
5,14,209,256,1,1,1,4,2,52,1,29,12
5,6,19,171,3,0,1,2,1,3,1,5,1
6,16,81,256,3,1,1,0,1,14,1,76,6
5,6,24,231,3,1,1,0,1,3,1,5,1
3,9,44,211,3,1,1,2,1,34,1,16,10
5,9,38,152,3,1,1,2,1,3,1,5,1
6,13,163,234,1,1,1,0,1,41,1,19,19
5,12,104,272,1,1,1,4,1,29,1,73,12
5,12,122,268,1,1,1,2,1,29,1,73,12
5,15,133,188,1,1,1,4,1,28,1,80,12
5,13,106,152,3,1,1,0,1,15,1,79,5
5,11,53,211,3,1,1,2,1,18,1,34,5
5,7,10,211,3,1,1,4,1,3,1,5,1
5,5,6,330,3,1,1,2,1,3,1,5,1
3,13,203,176,1,1,1,0,1,75,1,67,24
1,9,53,302,1,1,1,0,1,19,1,10,17
5,11,177,217,1,1,1,0,2,52,1,29,12
6,17,125,11,3,1,1,0,1,14,1,76,6
6,12,168,267,1,1,1,0,1,41,1,20,19
3,14,65,108,3,1,1,2,1,6,1,40,3
5,18,119,302,0,1,1,2,1,8,0,59,9
8,13,188,101,1,1,1,0,1,17,1,85,14
3,18,171,11,3,1,0,0,1,19,1,14,7
8,11,86,302,1,1,1,2,1,18,1,85,14
6,12,203,202,1,1,1,2,1,69,1,18,19
3,17,168,20,3,1,1,0,1,19,1,14,7
5,11,104,302,1,1,1,2,1,29,1,73,12
5,12,104,302,1,1,1,0,1,28,1,80,12
8,11,209,245,1,1,1,0,1,47,1,47,14
5,11,84,163,3,1,1,0,1,18,1,34,5
5,8,40,185,3,1,1,2,1,3,1,5,1
6,14,214,320,1,1,1,2,1,41,1,19,19
8,14,188,125,1,1,1,0,1,15,1,85,14
3,10,133,272,1,1,1,2,1,76,1,67,24
7,11,95,289,1,1,1,2,1,53,1,41,12
5,10,48,261,3,1,1,2,1,18,1,34,5
5,17,221,110,3,1,1,0,1,36,1,60,10
3,14,267,302,1,1,1,0,1,73,1,69,24
0,12,53,211,1,1,1,0,1,32,1,63,12
9,17,221,170,1,1,1,0,1,48,1,11,22
3,17,107,211,3,1,1,0,1,20,1,14,5
3,18,132,7,3,1,1,0,1,19,1,14,7
3,11,74,277,3,1,1,0,1,34,1,16,10
5,12,124,228,1,1,1,0,1,29,1,73,12
9,11,124,256,1,1,1,0,1,65,1,24,26
3,12,149,248,1,1,1,2,1,75,1,67,24
3,15,211,228,1,1,1,0,1,51,1,68,16
3,11,129,272,1,1,1,2,1,76,1,67,24
8,14,172,305,1,1,1,0,1,16,1,85,14
5,12,45,234,3,1,1,2,1,4,1,70,1
5,17,188,100,3,1,1,0,1,38,1,46,10
7,9,104,131,1,1,1,0,1,23,1,77,16
5,15,113,52,3,1,0,0,1,15,1,79,5
5,17,172,125,3,1,0,0,1,36,1,60,10
5,11,113,211,1,1,1,2,1,53,1,49,12
3,18,291,91,1,1,1,0,1,50,1,45,16
5,13,168,163,1,1,1,0,1,29,1,82,12
5,12,48,188,3,1,1,2,1,4,1,70,1
5,15,83,188,3,1,1,2,1,4,1,70,1
3,7,40,211,3,1,1,4,1,20,1,7,7
5,17,250,81,3,1,1,0,1,56,1,28,15
3,16,87,101,3,1,1,2,1,6,1,40,3
9,10,113,289,1,1,1,2,1,65,1,24,26
5,16,195,110,3,1,1,0,1,38,1,46,10
5,13,45,36,3,1,1,0,1,4,1,70,1
5,18,249,5,3,1,1,0,1,36,1,36,10
5,17,235,41,3,1,1,0,1,38,1,46,10
5,15,61,125,3,1,1,0,1,4,1,70,1
3,16,221,234,1,1,1,0,1,51,1,42,16
5,16,125,100,0,1,1,0,1,8,0,59,9
8,11,137,305,1,1,1,2,1,47,1,47,14
3,11,64,289,3,1,1,0,1,20,1,7,7
5,12,209,100,1,1,1,2,2,52,1,29,12
5,13,214,328,1,1,1,2,2,53,1,29,12
7,13,87,188,1,1,1,2,1,50,1,75,12
5,11,122,188,1,1,1,0,1,29,1,73,12
5,19,188,44,3,1,1,0,1,49,1,81,10
3,16,126,131,3,1,1,2,1,20,1,7,7
5,12,221,348,1,1,1,4,2,52,1,29,12
5,11,44,234,3,1,1,0,1,4,1,70,1
3,12,53,179,3,1,1,0,1,6,1,40,3
3,13,95,272,3,1,1,0,1,20,1,7,7
5,13,82,125,3,1,1,0,1,4,1,70,1
3,16,74,163,3,1,1,0,1,6,1,40,3
5,8,27,272,3,1,1,0,1,3,1,5,1
3,10,172,234,1,1,1,0,1,76,1,67,24
5,7,15,234,3,1,1,4,1,3,1,5,1
1,11,106,330,1,1,1,0,1,19,1,10,17
3,16,221,70,1,1,1,0,1,51,1,68,16
5,15,172,102,3,1,1,0,1,36,1,18,10
6,15,220,302,1,1,1,0,1,41,1,8,19
5,10,16,35,3,1,1,0,1,3,1,5,1
5,17,199,35,3,1,1,0,1,36,1,33,10
6,15,221,234,1,1,1,0,1,67,1,6,19
5,8,32,330,1,1,1,4,1,27,1,40,12
0,12,73,176,1,0,1,0,1,29,1,63,12
9,14,192,136,1,0,1,0,1,70,1,65,22
5,18,159,32,3,0,0,0,1,15,1,51,5
3,16,265,110,1,1,1,4,1,73,1,60,24
6,12,188,273,1,1,1,4,1,41,1,20,19
5,12,163,282,1,1,1,4,1,29,1,82,12
5,9,104,188,3,1,1,2,1,45,1,40,10
3,15,239,302,1,1,1,0,1,51,1,68,16
9,10,106,316,1,1,1,2,1,27,1,62,11
1,13,104,302,1,1,1,4,1,20,1,10,17
5,15,113,302,1,1,1,4,1,28,1,80,12
3,10,159,254,1,1,1,0,1,55,1,75,16
5,17,229,93,3,1,0,0,1,36,1,43,10
3,13,87,256,3,1,1,0,1,6,1,40,3
9,12,133,302,1,1,1,2,1,65,1,24,26
3,13,161,241,1,1,1,2,1,51,1,68,16
7,17,151,223,3,1,1,0,1,43,1,14,11
5,16,133,168,3,1,1,0,1,14,1,51,5
9,11,118,256,1,1,1,0,1,65,1,24,26
3,12,129,170,1,1,1,2,1,52,1,58,16
5,12,172,170,1,1,1,0,1,29,1,73,12
5,10,53,164,3,1,1,0,1,3,1,5,1
5,17,203,302,1,1,1,0,1,29,1,82,12
5,18,225,35,3,1,0,0,1,38,1,46,10
3,13,61,35,3,1,1,0,1,20,1,14,5
5,18,174,35,3,1,1,0,1,36,1,43,10
3,18,280,44,1,1,1,0,1,50,1,63,16
5,12,116,211,1,1,1,2,1,29,1,82,12
5,12,115,348,1,1,1,0,1,29,1,73,12
5,10,70,302,1,1,1,0,1,53,1,49,12
1,13,172,311,1,1,1,2,1,58,1,71,22
5,19,223,0,3,1,0,0,1,36,1,43,10
5,18,209,54,3,1,1,0,1,36,1,43,10
5,15,155,188,3,1,1,0,1,40,1,31,10
6,17,84,62,3,1,1,0,1,14,1,76,6
5,5,8,139,3,1,1,0,1,3,1,5,1
3,16,293,354,1,1,1,0,1,73,1,3,24
5,13,195,233,1,1,1,2,2,52,1,29,12
7,14,113,188,1,1,1,0,1,29,1,74,12
5,18,188,38,3,1,1,0,1,36,1,43,10
3,11,44,176,3,1,1,0,1,6,1,40,3
5,10,40,349,1,1,1,2,1,27,1,40,12
5,13,135,330,1,1,1,4,1,29,1,82,12
3,11,113,289,1,1,1,4,1,55,1,75,16
5,9,27,267,3,1,1,4,1,3,1,5,1
5,9,61,272,1,1,1,0,1,27,1,40,12
5,13,172,243,1,1,1,0,1,29,1,82,12
3,15,268,125,1,1,1,0,1,51,1,68,16
5,10,42,349,3,1,1,2,1,3,1,5,1
3,18,139,62,3,1,1,2,1,19,1,14,7
5,11,44,211,3,1,1,2,1,3,1,5,1
5,6,18,289,3,1,1,2,1,3,1,5,1
5,8,40,256,3,1,1,4,1,3,1,5,1
3,9,44,302,3,1,1,0,1,34,1,16,10
5,8,37,302,1,1,1,0,1,27,1,40,12
3,10,74,211,3,1,1,0,1,34,1,16,10
9,16,188,163,1,1,1,0,1,71,1,53,22
5,12,125,225,1,1,1,2,1,29,1,73,12
6,18,221,11,3,1,1,0,2,26,1,10,6
5,12,113,245,1,1,1,0,1,29,1,73,12
5,17,221,44,3,1,1,0,1,36,1,43,10
3,18,298,125,1,1,1,0,1,73,1,60,24
3,14,265,285,1,1,1,0,1,73,1,3,24
5,14,104,188,3,1,1,0,1,15,1,22,5
7,15,106,163,1,1,1,0,1,50,1,75,12
3,13,58,163,3,1,1,0,1,6,1,40,3
5,17,192,81,3,1,1,0,1,36,1,60,10
5,16,133,100,3,1,0,2,1,15,1,79,5
1,16,239,144,1,1,1,0,1,60,1,75,22
3,12,65,123,3,0,1,0,1,34,1,16,10
3,15,280,122,1,0,1,0,1,73,1,3,24
3,16,285,155,1,0,1,0,1,73,1,3,24
5,17,149,104,3,0,0,0,1,36,1,23,10
7,17,184,188,1,1,1,0,1,29,1,74,12
6,14,188,311,1,1,1,2,1,41,1,19,19
9,10,107,302,1,1,1,0,1,27,1,62,11
3,13,61,234,3,1,1,4,1,6,1,40,3
5,6,35,223,3,1,1,0,1,3,1,5,1
5,8,40,256,3,1,1,2,1,3,1,5,1
8,17,240,256,1,1,1,0,1,16,1,85,14
7,15,104,302,1,1,1,0,1,29,1,74,12
3,13,95,100,3,1,1,2,1,34,1,16,10
5,15,193,83,3,1,1,0,1,38,1,46,10
3,13,74,35,3,1,1,0,1,6,1,40,3
7,16,166,110,1,1,1,0,1,50,1,25,12
3,12,87,110,3,1,1,2,1,34,1,16,10
5,14,196,205,1,1,1,2,2,52,1,29,12
7,11,42,188,1,1,1,0,1,29,1,66,12
1,10,55,211,1,1,1,2,1,19,1,10,17
4,14,149,191,1,0,1,0,2,30,1,35,22
3,15,260,123,1,0,1,0,1,73,1,3,24
3,15,262,123,1,0,1,0,1,50,1,45,16
1,14,208,262,1,0,1,0,1,60,1,54,22
3,12,39,144,3,1,1,2,1,6,1,40,3
5,15,159,74,3,1,1,0,1,36,1,18,10
6,16,272,163,1,1,1,0,1,67,1,17,19
3,16,237,188,1,1,1,0,1,51,1,42,16
1,13,95,234,1,1,1,0,1,20,1,10,17
3,15,125,234,3,1,1,0,1,20,1,7,7
3,13,114,81,3,1,1,0,1,34,1,16,10
5,19,113,11,3,1,1,0,1,4,1,61,1
3,14,183,234,1,1,1,0,1,51,1,68,16
3,15,87,58,3,1,1,0,1,6,1,40,3
5,18,221,105,3,1,0,0,1,36,1,43,10
3,19,117,197,3,1,1,2,1,37,1,11,10
9,16,199,125,1,1,1,0,1,71,1,53,22
5,15,106,163,3,1,1,0,1,15,1,22,5
5,15,74,62,3,1,1,0,1,4,1,70,1
6,13,141,209,1,0,1,0,1,41,1,8,19
5,15,172,72,3,1,1,0,1,36,1,18,10
3,12,95,100,3,1,1,2,1,34,1,16,10
3,15,83,25,3,1,1,0,1,6,1,40,3
5,9,38,114,3,1,1,0,1,3,1,5,1
5,8,38,211,3,1,1,4,1,3,1,5,1
1,11,61,272,1,1,1,2,1,19,1,10,17
3,16,227,152,1,1,1,0,1,51,1,68,16
3,17,252,110,1,1,1,0,1,51,1,68,16
5,16,176,73,3,1,1,0,1,38,1,46,10
3,16,257,42,1,1,1,0,1,51,1,68,16
3,12,53,188,3,1,1,2,1,6,1,40,3
5,12,74,110,3,1,1,0,1,18,1,34,5
6,11,74,302,1,1,1,4,1,33,1,57,19
5,13,221,205,1,1,1,0,1,29,1,73,12
2,15,280,188,1,1,1,0,2,59,1,58,22
3,15,95,110,3,1,1,0,1,6,1,40,3
7,16,169,125,3,1,1,0,1,43,1,14,11
1,9,45,304,1,0,1,2,1,19,1,10,17
4,18,300,18,1,1,1,0,1,72,1,10,21
3,7,24,100,3,1,1,2,1,20,1,7,7
5,18,232,58,3,1,0,0,1,38,1,46,10
5,19,132,11,0,1,1,0,1,8,0,59,9
5,11,151,269,1,1,1,4,1,29,1,73,12
1,11,104,279,1,1,1,1,1,19,1,10,17
5,10,113,297,1,1,1,1,1,53,1,49,12
7,11,88,350,1,1,1,2,1,29,1,66,12
1,10,95,234,1,1,1,0,1,19,1,10,17
5,3,10,272,3,1,1,2,1,3,1,5,1
3,11,95,129,3,1,1,2,1,34,1,16,10
5,10,52,211,3,1,1,4,1,18,1,34,5
6,11,186,256,1,1,1,2,1,41,1,20,19
5,13,195,234,1,1,1,2,2,53,1,29,12
5,8,16,272,3,1,1,0,1,3,1,5,1
7,17,151,110,3,1,1,0,1,43,1,14,11
6,18,209,11,3,1,1,0,2,26,1,10,6
5,13,77,125,3,1,1,2,1,18,1,34,5
5,7,62,111,3,0,1,0,1,16,1,56,5
8,13,163,173,1,0,1,0,1,15,1,85,14
3,17,289,100,1,1,0,0,1,73,1,60,24
6,11,72,272,1,0,1,0,1,10,1,78,19
8,9,141,242,1,0,1,0,1,47,1,47,14
6,16,247,153,1,0,1,0,1,41,1,8,19
3,15,195,177,1,0,1,0,1,51,1,68,16
5,14,204,106,3,0,1,0,1,38,1,46,10
6,17,272,110,1,1,1,0,2,41,1,39,19
5,14,133,163,3,1,1,0,1,39,1,18,10
5,8,28,110,3,1,1,0,1,3,1,5,1
5,16,125,95,3,1,0,0,1,14,1,22,5
5,17,216,44,3,1,1,0,1,36,1,43,10
5,8,19,52,3,1,1,0,1,3,1,5,1
7,11,89,302,1,1,1,0,1,53,1,41,12
5,15,188,144,3,1,1,0,1,38,1,46,10
5,15,95,81,3,1,1,0,1,4,1,70,1
5,14,95,163,3,1,1,4,1,15,1,22,5
3,9,57,289,3,1,1,0,1,34,1,16,10
3,12,172,247,1,1,1,2,1,76,1,67,24
5,12,174,328,1,1,1,0,2,53,1,29,12
3,12,155,188,1,1,1,2,1,52,1,44,16
5,14,98,54,3,1,1,0,1,4,1,70,1
7,17,251,234,1,1,1,0,1,29,1,74,12
5,3,12,268,3,1,1,4,1,3,1,5,1
3,12,117,363,1,1,1,4,1,52,1,58,16
9,11,133,188,1,1,1,4,1,66,1,21,26
5,13,209,256,1,1,1,0,1,29,1,82,12
4,11,28,302,1,1,1,2,1,13,1,38,19
7,7,57,272,1,1,1,0,1,24,1,1,18
3,7,53,125,3,1,1,0,1,34,1,16,10
7,12,102,320,1,1,1,0,1,52,1,37,12
5,14,221,272,1,1,1,0,2,52,1,29,12
1,13,133,100,1,1,1,0,1,20,1,10,17
1,17,272,58,1,1,1,0,1,60,1,75,22
3,14,209,125,1,1,1,0,1,51,1,68,16
3,13,199,283,1,1,1,0,1,76,1,67,24
9,11,87,234,1,1,1,4,1,65,1,24,26
3,14,203,219,1,1,1,2,1,51,1,42,16
3,12,172,211,1,1,1,4,1,76,1,67,24
3,10,64,234,3,1,1,2,1,34,1,16,10
3,10,113,272,1,1,1,2,1,55,1,75,16
3,10,66,234,3,1,1,2,1,34,1,16,10
5,9,48,110,3,1,1,0,1,3,1,5,1
7,10,106,233,1,1,1,0,1,53,1,41,12
9,10,95,302,1,1,1,4,1,65,1,24,26
7,16,188,35,3,1,1,0,1,43,1,14,11
5,12,151,286,1,1,1,4,1,29,1,73,12
3,8,52,211,3,1,1,2,1,34,1,16,10
1,10,68,214,1,1,1,0,1,19,1,10,17
5,5,19,272,3,1,1,2,1,3,1,5,1
3,16,81,272,3,1,1,0,1,6,1,40,3
5,7,10,302,3,1,1,2,3,0,1,5,1
7,14,133,272,1,1,1,0,1,50,1,75,12
3,12,111,125,1,1,1,0,1,53,1,58,16
5,17,214,44,3,1,0,0,1,36,1,33,10
5,17,235,35,3,1,1,2,1,38,1,46,10
7,11,53,256,1,1,1,0,1,29,1,66,12
8,10,120,353,1,1,1,2,1,47,1,47,14
5,17,244,32,3,1,0,0,1,38,1,46,10
5,18,195,58,3,1,0,2,1,36,1,33,10
7,12,74,272,1,1,1,0,1,24,1,84,16
5,16,142,62,3,1,0,0,1,14,1,22,5
3,13,64,110,3,1,1,0,1,6,1,40,3
3,13,147,211,1,1,1,2,1,51,1,68,16
5,12,139,282,1,1,1,2,1,29,1,82,12
6,12,141,334,1,0,1,2,1,41,1,19,19
3,12,93,240,3,0,1,0,1,34,1,16,10
5,15,185,62,3,1,1,0,1,36,1,18,10
8,10,113,272,1,1,1,2,1,18,1,85,14
1,10,74,232,1,0,1,0,1,19,1,10,17
3,10,151,268,1,1,1,1,1,76,1,67,24
3,13,139,163,1,1,1,0,1,51,1,68,16
3,10,124,110,1,1,1,2,1,76,1,67,24
5,16,142,35,3,1,1,0,1,15,1,79,5
5,16,216,110,3,1,1,0,1,38,1,46,10
7,17,188,73,3,1,1,0,1,43,1,14,11
3,12,122,234,1,1,1,0,1,52,1,58,16
5,18,188,125,3,1,1,0,1,36,1,43,10
6,16,95,100,3,1,1,0,1,14,1,76,6
7,10,35,302,1,1,1,0,1,23,1,77,16
3,15,188,256,1,1,1,2,1,51,1,68,16
3,14,172,256,1,1,1,0,1,51,1,68,16
5,13,181,289,1,1,1,2,2,52,1,29,12
6,18,61,256,3,1,1,0,1,14,1,76,6
5,12,58,110,3,1,1,0,1,4,1,70,1
9,11,108,272,1,1,1,0,1,65,1,24,26
1,10,27,302,1,1,1,2,1,19,1,10,17
3,16,199,163,1,1,1,0,1,51,1,68,16
3,13,40,211,3,1,1,2,1,6,1,40,3
5,13,75,100,3,1,1,0,1,4,1,70,1
5,19,75,100,3,1,1,0,1,4,1,61,1
5,12,40,188,3,1,1,2,1,4,1,70,1
5,13,74,62,3,1,1,0,1,4,1,70,1
3,12,53,234,3,1,1,0,1,6,1,40,3
3,16,83,163,3,1,1,0,1,6,1,40,3
4,17,133,163,1,1,1,0,3,2,1,83,4
5,9,59,302,1,1,1,0,1,27,1,40,12
5,16,258,234,3,1,1,0,1,56,1,28,15
5,14,121,62,3,1,1,2,1,15,1,22,5
3,16,247,91,1,1,1,0,1,51,1,68,16
3,12,177,251,1,1,1,2,1,76,1,67,24
3,11,137,234,1,1,1,2,1,76,1,67,24
3,18,235,188,1,1,1,0,1,52,1,68,16
5,16,166,85,3,1,1,2,1,36,1,43,10
3,13,61,188,3,1,1,2,1,6,1,40,3
3,13,104,234,3,1,1,2,1,34,1,16,10
5,10,124,256,1,1,1,2,1,29,1,73,12
3,11,147,234,1,1,1,2,1,76,1,67,24
8,13,139,302,1,1,1,0,1,15,1,85,14
9,18,257,81,1,1,1,0,1,71,1,53,22
8,14,151,81,1,1,1,0,1,15,1,85,14
5,11,155,247,1,1,1,0,2,52,1,29,12
7,10,34,328,1,1,1,2,1,53,1,41,12
5,13,173,205,1,0,1,0,1,29,1,73,12
3,15,84,149,3,0,1,0,1,6,1,40,3
3,17,262,213,1,0,1,0,1,51,1,68,16
8,11,136,289,1,0,1,0,1,15,1,85,14
5,11,175,30,3,0,1,0,1,36,1,60,10
9,11,95,189,1,1,1,0,1,27,1,62,11
7,14,133,110,1,1,1,0,1,50,1,75,12
3,7,44,140,3,1,1,2,1,20,1,7,7
8,12,106,302,1,1,1,0,1,17,1,85,14
7,14,113,256,1,1,1,2,1,50,1,75,12
3,16,95,45,3,1,1,2,1,6,1,40,3
3,10,56,272,3,1,1,0,1,20,1,7,7
8,13,137,326,1,1,1,0,1,17,1,85,14
3,16,113,62,3,1,1,0,1,6,1,40,3
8,16,217,330,1,1,1,0,1,16,1,85,14
5,13,106,211,0,1,1,2,1,8,0,59,9
3,7,44,272,3,1,1,4,1,20,1,7,7
5,13,151,44,1,1,1,2,2,52,1,29,12
8,15,174,234,1,1,1,2,1,16,1,85,14
5,10,28,214,3,1,1,2,1,3,1,5,1
6,11,133,272,1,1,1,2,1,41,1,20,19
3,13,214,289,1,1,1,0,1,51,1,68,16
3,11,48,272,3,1,1,0,1,6,1,40,3
3,17,125,81,3,1,1,0,1,6,1,40,3
1,18,296,62,1,1,1,0,1,60,1,75,22
7,16,185,211,1,1,1,0,1,29,1,74,12
5,8,27,163,3,1,1,0,1,3,1,5,1
5,15,136,81,3,1,1,2,1,15,1,79,5
5,11,108,215,1,0,1,0,1,27,1,40,12
1,11,95,172,1,1,1,0,1,19,1,10,17
3,11,137,239,1,0,1,0,1,51,1,68,16
3,17,297,156,1,1,0,0,1,73,1,60,24
3,12,49,184,3,1,1,2,1,6,1,40,3
7,17,246,100,1,1,1,0,1,69,1,49,21
4,10,53,302,1,1,1,4,1,12,1,35,19
7,13,68,346,1,1,1,2,1,29,1,66,12
5,7,32,302,3,1,1,2,1,3,1,5,1
5,15,151,16,3,1,1,2,1,15,1,22,5
3,15,108,52,3,1,1,0,1,6,1,40,3
5,17,155,11,3,1,1,0,1,15,1,22,5
7,11,28,359,1,1,1,2,1,53,1,41,12
3,11,53,211,3,1,1,0,1,6,1,40,3
3,11,44,272,3,1,1,2,1,6,1,40,3
5,14,188,81,3,1,1,0,1,36,1,18,10
5,11,188,202,1,1,1,0,2,52,1,29,12
6,12,101,245,1,1,1,0,1,11,1,78,19
3,10,117,234,1,1,1,2,1,76,1,67,24
5,13,95,101,3,1,1,0,1,15,1,22,5
5,15,113,62,3,1,1,0,1,15,1,22,5
1,16,235,188,1,1,1,0,1,58,1,71,22
5,12,137,276,1,1,1,2,1,29,1,82,12
3,14,188,188,1,1,1,0,1,51,1,68,16
1,12,163,250,1,0,1,2,1,58,1,71,22
1,17,247,52,1,1,1,0,1,60,1,75,22
5,18,221,35,3,1,0,0,1,36,1,43,10
5,15,95,11,3,1,1,0,1,4,1,70,1
5,8,35,125,3,1,1,0,1,3,1,5,1
3,15,98,81,3,1,1,0,1,6,1,40,3
5,8,49,125,3,1,1,0,1,3,1,5,1
3,14,212,214,1,1,1,0,1,51,1,68,16
3,12,113,211,1,1,1,2,1,52,1,58,16
3,16,221,103,1,1,1,2,1,51,1,68,16
3,15,292,211,1,1,1,0,1,73,1,3,24
3,9,88,234,1,1,1,2,1,55,1,75,16
3,15,272,270,1,1,1,0,1,73,1,3,24
3,10,110,234,1,1,1,2,1,55,1,58,16
3,11,63,302,2,1,1,0,1,6,0,40,3
5,13,104,211,3,1,1,0,1,15,1,22,5
6,11,172,302,1,1,1,2,1,33,1,57,19
6,16,172,234,1,1,1,2,1,10,1,78,19
7,11,53,368,1,1,1,0,1,24,1,84,16
1,18,272,110,1,1,1,0,1,60,1,75,22
3,10,39,269,3,1,1,4,1,20,1,7,7
3,10,38,188,3,1,1,0,1,20,1,7,7
5,13,142,256,1,1,1,0,1,29,1,73,12
9,17,209,125,1,1,1,0,1,71,1,53,22
3,16,298,81,1,1,1,0,1,73,1,3,24
5,12,182,125,1,1,1,0,1,29,1,82,12
5,17,174,29,3,1,0,2,1,14,1,22,5
8,14,127,348,1,1,1,0,1,15,1,85,14
5,13,66,81,3,1,1,0,1,4,1,70,1
5,6,10,256,3,1,1,2,1,3,1,5,1
9,13,194,291,1,1,1,0,1,62,1,15,22
5,16,215,44,3,1,1,0,1,38,1,46,10
5,15,87,100,3,1,1,2,1,4,1,70,1
3,14,305,125,1,1,1,0,1,73,1,3,24
5,16,235,44,3,1,0,0,1,36,1,43,10
1,14,209,317,1,1,1,0,1,58,1,71,22
5,11,65,302,1,1,1,0,1,28,1,80,12
7,6,10,256,1,1,1,4,1,24,1,84,16
3,17,265,163,1,1,1,0,1,51,1,68,16
5,13,74,125,3,1,1,2,1,4,1,70,1
7,11,21,302,1,1,1,0,1,29,1,66,12
3,18,154,100,3,1,1,0,1,19,1,14,7
1,17,280,62,1,1,1,0,1,60,1,75,22
5,16,221,65,3,1,1,0,1,36,1,60,10
5,12,133,211,1,1,1,0,1,29,1,73,12
5,5,10,134,3,1,1,0,1,3,1,5,1
3,11,113,81,3,1,1,0,1,34,1,16,10
9,9,74,234,1,1,1,1,1,27,1,62,11
6,15,95,108,3,1,1,0,1,14,1,76,6
6,16,260,163,1,1,1,0,1,41,1,8,19
7,9,135,272,1,1,1,2,1,24,1,1,18
5,12,170,289,1,1,1,0,2,52,1,29,12
1,18,285,100,1,1,1,0,1,60,1,75,22
1,17,214,44,3,1,1,0,1,57,1,18,8
1,17,280,125,1,1,1,0,1,60,1,75,22
5,13,186,289,1,1,1,0,2,52,1,29,12
5,10,133,214,1,1,1,0,1,29,1,73,12
5,16,166,100,3,1,1,0,1,36,1,33,10
5,15,198,110,3,1,1,2,1,40,1,31,10
7,12,53,345,1,1,1,0,1,53,1,66,12
3,15,292,266,1,1,1,0,1,73,1,3,24
5,18,172,35,3,1,1,0,1,38,1,46,10
7,18,209,12,3,1,1,0,1,42,1,14,11
5,12,135,256,1,1,1,2,1,29,1,73,12
6,17,280,85,1,1,1,0,1,67,1,0,19
3,11,82,125,3,1,1,0,1,34,1,16,10
3,7,19,265,3,1,1,2,1,20,1,7,7
5,18,247,17,3,1,0,0,1,36,1,43,10
8,14,195,302,1,1,1,2,1,16,1,85,14
3,11,44,302,3,1,1,2,1,6,1,40,3
1,14,232,288,1,0,1,0,1,54,1,69,22
3,12,141,274,1,0,1,0,1,52,1,58,16
9,18,306,13,1,0,1,3,1,70,1,65,22
6,17,172,101,3,0,1,0,1,14,1,76,6
5,15,145,174,3,0,1,0,1,36,1,23,10
7,17,74,174,3,0,0,0,0,1,1,58,0
3,13,235,300,1,0,1,0,1,76,1,67,24
5,14,141,223,3,0,1,0,1,36,1,23,10
7,18,295,35,1,1,0,0,1,69,1,49,21
5,9,58,196,3,1,1,0,1,3,1,5,1
5,10,58,163,3,1,1,2,1,3,1,5,1
5,16,131,81,3,1,1,0,1,14,1,51,5
5,13,95,35,3,1,1,0,1,15,1,22,5
0,12,115,205,1,1,1,0,1,32,1,63,12
5,14,44,110,3,1,1,2,1,4,1,70,1
5,12,135,256,1,1,1,0,1,29,1,73,12
5,12,188,176,1,1,1,0,1,29,1,82,12
5,8,37,172,3,1,1,0,1,3,1,5,1
3,17,194,35,3,1,0,0,1,19,1,14,7
1,17,272,125,1,1,1,0,1,60,1,75,22
3,14,199,188,1,1,1,0,1,51,1,68,16
1,16,247,117,1,1,1,0,1,60,1,75,22
5,17,215,69,3,1,1,0,1,38,1,46,10
3,17,256,188,1,1,1,2,1,51,1,68,16
5,12,95,179,3,1,1,2,1,15,1,22,5
5,16,265,91,3,1,1,0,1,56,1,28,15
5,10,65,125,3,1,1,2,1,18,1,34,5
5,14,133,188,3,1,1,0,1,15,1,79,5
3,14,75,135,3,1,1,2,1,6,1,40,3
5,15,151,196,3,1,1,0,1,36,1,18,10
6,16,199,268,1,1,1,0,1,41,1,8,19
6,12,133,268,1,1,1,0,1,41,1,20,19
5,18,163,24,3,1,1,0,1,14,1,51,5
5,18,168,20,3,1,1,0,1,14,1,51,5
7,16,209,163,1,1,1,0,1,29,1,74,12
7,14,141,234,1,1,1,0,1,50,1,75,12
5,14,117,108,3,1,1,0,1,15,1,22,5
3,13,248,96,1,1,1,0,1,76,1,67,24
1,10,58,302,1,1,1,0,1,19,1,10,17
3,6,48,211,3,1,1,2,1,20,1,7,7
5,13,146,236,1,0,1,0,1,29,1,82,12
6,14,188,369,1,1,1,0,2,69,1,9,19
5,12,124,252,1,1,1,0,1,28,1,80,12
5,15,83,110,3,1,1,0,1,4,1,70,1
7,10,61,234,1,1,1,0,1,23,1,77,16
5,18,209,23,3,1,0,0,1,36,1,43,10
3,15,95,127,3,1,1,0,1,6,1,40,3
5,15,188,31,3,1,1,0,1,36,1,60,10
8,17,227,330,1,1,1,0,1,16,1,85,14
3,15,141,163,3,1,1,0,1,20,1,7,7
4,17,247,69,1,1,1,0,1,13,1,38,19
7,15,161,163,1,1,1,0,1,29,1,74,12
5,14,235,302,1,1,1,2,2,52,1,29,12
5,11,68,256,1,1,1,2,1,28,1,80,12
5,14,133,100,3,1,1,0,1,15,1,79,5
3,13,186,234,1,1,1,2,1,76,1,67,24
3,15,239,272,1,1,1,0,1,50,1,45,16
5,10,55,245,1,1,1,2,1,27,1,40,12
5,11,54,289,3,1,1,4,1,18,1,34,5
3,17,113,81,3,1,1,0,1,20,1,14,5
9,12,113,272,1,1,1,0,1,65,1,24,26
1,11,42,302,1,1,1,2,1,19,1,10,17
9,10,110,256,1,1,1,0,1,65,1,24,26
5,12,117,269,1,1,1,0,1,29,1,73,12
5,6,10,188,3,1,1,4,1,3,1,5,1
5,13,151,211,1,1,1,0,1,29,1,82,12
5,10,58,125,3,1,1,0,1,45,1,40,10
9,14,138,234,1,1,1,0,1,53,1,11,22
5,9,32,211,3,1,1,2,1,18,1,34,5
5,15,110,100,3,1,1,2,1,15,1,22,5
5,14,95,163,3,1,1,0,1,4,1,70,1
7,9,40,330,1,1,1,4,1,53,1,41,12
5,12,209,188,1,1,1,4,2,53,1,29,12
3,18,174,11,3,1,1,0,1,19,1,14,7
3,14,87,174,3,1,1,0,1,34,1,16,10
1,14,209,125,1,1,1,0,1,58,1,71,22
9,18,234,116,1,0,1,0,1,48,1,11,22
5,15,115,188,3,0,1,0,1,16,1,56,5
9,17,221,125,1,0,1,0,1,48,1,11,22
5,10,95,256,1,1,1,2,1,27,1,40,12
6,11,64,289,1,1,1,2,1,11,1,78,19
3,13,235,234,1,1,1,0,1,76,1,67,24
3,15,257,234,1,1,1,0,1,51,1,42,16
8,9,151,302,1,1,1,2,1,47,1,47,14
3,15,275,233,1,0,1,0,1,73,1,3,24
5,12,214,319,1,1,1,0,2,52,1,29,12
6,18,253,26,3,1,1,0,2,25,1,10,6
5,1,19,188,1,1,1,2,1,7,1,30,23
4,15,247,272,1,1,1,0,1,12,1,30,19
5,14,90,100,3,1,1,2,1,15,1,79,5
3,18,172,11,3,1,1,0,1,19,1,14,7
7,12,74,163,1,1,1,0,1,53,1,37,12
7,12,61,234,1,1,1,0,1,23,1,77,16
1,16,282,131,1,0,1,0,1,60,1,75,22
5,18,290,44,3,0,0,0,1,63,1,13,20
5,16,235,234,3,0,1,0,1,36,1,60,10
1,15,252,188,1,0,1,0,1,58,1,71,22
3,16,291,211,1,0,1,0,1,76,1,67,24
7,15,133,272,1,1,1,0,1,29,1,74,12
5,8,6,256,3,1,1,2,1,3,1,5,1
6,17,79,163,3,1,1,0,1,14,1,76,6
5,10,37,125,3,1,1,0,1,3,1,5,1
5,9,26,282,3,1,1,0,1,3,1,5,1
3,17,247,100,1,1,1,0,1,52,1,68,16
3,10,68,234,3,1,1,0,1,34,1,16,10
2,18,292,163,1,1,1,2,2,59,1,58,22
5,10,106,211,1,1,1,0,1,29,1,73,12
6,16,257,163,1,1,1,0,3,41,1,39,19
1,17,280,234,1,1,1,0,1,60,1,75,22
5,12,95,302,1,1,1,1,1,29,1,73,12
3,12,53,208,3,1,1,4,1,6,1,40,3
5,13,141,211,1,1,1,0,1,28,1,80,12
8,14,254,307,1,1,1,4,1,47,1,47,14
8,14,252,310,1,1,1,4,1,47,1,47,14
3,9,44,174,3,1,1,2,1,20,1,7,7
1,18,267,125,1,1,1,0,1,60,1,75,22
7,10,84,163,1,1,1,0,1,53,1,41,12
5,15,101,81,3,1,1,0,1,4,1,70,1
7,10,47,211,1,1,1,2,1,24,1,84,16
5,13,203,302,1,1,1,0,1,29,1,82,12
3,16,229,234,1,1,1,0,1,51,1,68,16
3,16,227,234,1,1,1,0,1,51,1,68,16
5,9,68,234,3,1,1,2,1,18,1,34,5
7,15,61,69,3,1,0,0,0,1,1,58,0
0,12,64,272,1,1,1,2,1,32,1,63,12
5,13,209,211,1,1,1,2,1,29,1,82,12
5,18,172,35,3,1,1,0,1,36,1,33,10
1,18,280,47,1,0,1,0,1,60,1,54,22
1,11,74,338,1,0,1,0,1,19,1,10,17
5,16,174,145,3,1,1,0,1,36,1,60,10
5,17,158,11,3,1,1,0,1,16,1,56,5
1,18,273,100,1,1,1,0,1,60,1,75,22
1,10,38,245,1,1,1,0,1,19,1,10,17
5,11,106,234,1,1,1,2,1,29,1,73,12
5,7,35,211,3,1,1,2,1,3,1,5,1
3,13,74,3,3,1,1,0,1,6,1,40,3
5,10,42,163,3,1,1,0,1,3,1,5,1
5,9,42,182,3,1,1,0,1,3,1,5,1
5,11,38,289,3,1,1,0,1,3,1,5,1
5,9,38,188,3,1,1,4,1,3,1,5,1
3,11,133,272,1,1,1,0,1,52,1,44,16
8,12,152,302,1,1,1,0,1,17,1,85,14
7,11,95,211,1,1,1,4,1,53,1,41,12
5,16,140,187,3,1,1,2,1,15,1,79,5
3,10,131,224,1,1,1,2,1,55,1,75,16
5,12,83,188,3,1,1,0,1,4,1,70,1
1,16,268,230,1,0,1,0,1,54,1,69,22
5,17,257,81,3,1,0,0,1,38,1,46,10
5,16,182,131,3,1,1,0,1,38,1,46,10
5,14,151,234,3,1,1,0,1,40,1,31,10
5,10,66,188,3,1,1,0,1,18,1,34,5
5,12,188,369,1,1,1,0,1,29,1,82,12
9,14,176,302,1,1,1,2,1,62,1,15,22
3,8,38,110,3,1,1,4,1,20,1,7,7
5,6,14,302,3,1,1,2,1,3,1,5,1
5,6,22,188,3,1,1,2,1,3,1,5,1
5,6,35,234,3,1,1,4,1,3,1,5,1
5,17,247,44,3,1,1,0,1,61,1,40,5
5,16,122,125,3,1,1,0,1,36,1,33,10
5,18,209,62,3,1,0,0,1,38,1,46,10
5,12,209,163,1,1,1,2,2,53,1,29,12
5,9,64,196,1,1,1,4,1,27,1,40,12
5,17,156,100,3,1,1,0,1,15,1,22,5
6,14,137,302,1,1,1,2,2,41,1,39,19
5,17,155,39,3,1,1,0,1,36,1,18,10
5,17,219,81,3,1,0,0,1,36,1,60,10
5,16,113,163,3,1,0,0,1,14,1,22,5
5,17,149,11,3,1,0,2,1,14,1,22,5
5,14,203,44,1,1,1,2,2,52,1,29,12
3,19,291,62,1,1,1,0,1,50,1,63,16
1,14,209,163,1,1,1,0,1,58,1,71,22
5,16,165,44,3,1,1,0,1,15,1,79,5
5,19,209,11,3,1,0,0,1,36,1,33,10
5,11,61,371,0,1,1,0,1,8,0,59,9
3,17,110,302,3,1,1,0,1,20,1,14,5
5,10,53,272,3,1,1,2,1,45,1,40,10
3,11,144,228,1,1,1,0,1,76,1,67,24
3,10,74,302,1,1,1,4,1,55,1,75,16
5,16,161,125,3,1,1,0,1,15,1,22,5
5,14,133,62,3,1,0,0,1,14,1,22,5
5,14,113,125,3,1,1,2,1,15,1,22,5
7,17,188,35,3,1,1,0,1,43,1,14,11
5,12,142,192,1,1,1,0,1,29,1,82,12
5,10,61,110,3,1,1,0,1,3,1,5,1
1,9,53,289,1,1,1,2,1,19,1,10,17
3,16,297,91,1,1,1,2,1,73,1,3,24
5,16,133,188,0,1,1,0,1,8,0,59,9
1,15,239,100,1,1,1,0,1,60,1,54,22
3,13,243,305,1,1,0,0,1,76,1,67,24
5,9,44,235,3,1,1,2,1,3,1,5,1
8,13,135,360,1,1,1,0,1,15,1,85,14
5,5,5,289,1,1,1,2,1,7,1,30,23
5,4,14,256,3,1,1,2,1,3,1,5,1
9,17,192,54,1,1,1,0,1,71,1,53,22
5,15,163,199,3,1,1,0,1,38,1,46,10
1,18,282,4,1,1,1,0,1,60,1,75,22
3,16,98,44,3,1,1,2,1,6,1,40,3
5,13,172,188,1,1,1,0,1,29,1,82,12
6,16,265,163,1,1,0,0,1,67,1,0,19
3,18,298,62,1,1,0,0,1,73,1,60,24
9,12,120,211,1,1,1,2,1,27,1,62,11
6,16,269,163,1,1,1,0,1,67,1,0,19
6,17,104,62,3,1,1,0,1,14,1,76,6
6,14,188,188,1,1,1,0,1,41,1,19,19
5,14,95,289,3,1,1,0,1,15,1,22,5
3,15,203,333,1,1,1,0,1,51,1,42,16
5,13,95,256,0,1,1,0,1,9,0,59,9
5,16,129,100,0,1,1,0,1,9,0,59,9
5,11,95,289,1,1,1,4,1,29,1,73,12
9,11,95,330,1,1,1,2,1,65,1,24,26
3,11,113,289,1,1,1,0,1,55,1,75,16
3,14,269,302,1,1,1,2,1,73,1,3,24
3,15,225,289,1,1,1,0,1,51,1,42,16
9,11,133,289,1,1,1,2,1,65,1,5,26
1,12,65,368,1,1,1,0,1,22,1,10,17
5,17,125,58,3,1,1,0,1,15,1,22,5
5,18,202,35,3,1,1,0,1,38,1,46,10
3,11,83,100,3,1,1,0,1,34,1,16,10
3,9,46,361,3,1,1,2,1,20,1,7,7
3,7,49,289,3,1,1,2,1,34,1,16,10
3,17,172,81,3,1,1,0,1,19,1,14,7
5,15,126,85,3,1,1,2,1,15,1,22,5
5,7,19,211,3,1,1,4,1,3,1,5,1
5,15,235,62,3,1,1,0,1,56,1,28,15
7,12,90,81,1,1,1,0,1,24,1,84,16
7,18,151,81,3,1,1,0,1,43,1,14,11
5,19,221,22,3,1,1,0,1,36,1,36,10
5,9,35,272,3,1,1,0,1,3,1,5,1
3,12,141,234,1,1,1,2,1,76,1,67,24
3,9,79,188,3,1,1,0,1,34,1,16,10
9,13,133,289,1,1,1,2,1,53,1,11,22
3,16,199,211,1,1,1,2,1,51,1,68,16
5,9,74,256,0,1,1,2,1,64,0,46,25
9,11,133,267,1,1,1,0,1,65,1,5,26
9,12,113,211,1,1,1,2,1,49,1,11,22
5,13,95,110,3,1,1,0,1,36,1,23,10
3,12,95,125,3,1,1,0,1,34,1,16,10
3,13,74,81,3,1,1,0,1,6,1,40,3
5,7,9,211,3,1,1,0,1,3,1,5,1
3,17,161,27,3,1,1,0,1,19,1,14,7
5,15,164,163,3,1,1,0,1,36,1,18,10
1,16,215,125,1,1,1,1,1,58,1,71,22
6,18,139,44,3,1,1,0,1,14,1,76,6
3,15,139,34,3,1,1,2,1,20,1,7,7
3,7,45,289,3,1,1,1,1,20,1,7,7
5,14,57,163,3,1,1,2,1,4,1,70,1
5,11,113,302,1,1,1,2,1,53,1,49,12
3,10,113,264,1,1,1,2,1,55,1,58,16
3,11,90,91,3,1,1,0,1,34,1,16,10
5,10,64,100,3,1,1,0,1,18,1,34,5
5,13,95,234,3,1,1,0,1,15,1,79,5
3,13,209,305,1,1,1,0,1,76,1,67,24
5,12,209,302,1,1,1,4,2,53,1,29,12
3,15,242,81,1,1,1,0,1,51,1,68,16
6,14,209,305,1,1,1,0,3,41,1,39,19
3,15,238,234,1,1,1,0,1,51,1,42,16
3,13,186,272,1,1,1,2,1,76,1,67,24
9,10,122,272,1,1,1,2,1,65,1,24,26
5,18,236,11,3,1,1,0,1,38,1,46,10
5,19,246,14,3,1,1,0,1,36,1,36,10
6,15,188,234,1,1,1,2,1,67,1,2,19
3,13,199,302,1,1,1,4,1,76,1,67,24
7,16,209,125,3,1,1,2,1,43,1,14,11
1,11,129,302,1,1,1,0,1,50,1,83,22
3,9,110,289,1,1,1,0,1,55,1,75,16
5,13,182,234,1,1,1,2,1,29,1,82,12
5,13,137,145,3,0,1,0,1,15,1,51,5
6,16,124,62,3,0,0,0,1,14,1,60,6
3,12,91,117,3,0,1,0,1,34,1,16,10
5,16,209,108,3,0,1,2,1,38,1,46,10
3,9,64,163,3,0,1,0,1,34,1,16,10
5,12,129,228,1,0,1,0,1,27,1,40,12
5,9,6,330,3,1,1,4,1,3,1,5,1
3,11,35,125,3,1,1,0,1,6,1,40,3
3,10,61,211,3,1,1,4,1,34,1,16,10
3,16,281,188,1,1,1,0,1,50,1,45,16
3,9,40,256,3,1,1,4,1,34,1,16,10
4,18,298,81,1,1,1,0,1,72,1,10,21
3,18,264,41,1,1,1,0,1,52,1,68,16
9,13,199,125,1,1,1,4,1,53,1,11,22
9,11,133,272,1,1,1,2,1,65,1,24,26
3,16,74,110,3,1,1,2,1,20,1,14,5
1,15,262,110,1,1,1,2,1,58,1,71,22
5,15,141,211,1,1,1,0,1,28,1,80,12
5,8,68,256,1,1,1,0,1,27,1,40,12
3,15,297,336,1,1,1,0,1,73,1,3,24
6,12,177,288,1,1,1,2,1,67,1,2,19
5,15,125,123,3,1,1,4,1,15,1,22,5
9,13,199,256,1,1,1,0,1,65,1,24,26
3,8,30,289,3,1,1,0,1,34,1,16,10
5,12,142,357,1,1,1,2,1,29,1,82,12
3,18,174,125,3,1,1,0,1,37,1,11,10
3,15,213,292,1,1,1,0,1,51,1,68,16
3,13,64,188,3,1,1,2,1,34,1,16,10
3,10,23,234,3,1,1,2,1,6,1,40,3
1,11,64,188,1,1,1,0,1,19,1,10,17
3,11,155,211,1,1,1,0,1,76,1,67,24
5,8,17,289,3,1,1,2,1,3,1,5,1
1,18,291,85,1,0,1,0,1,60,1,75,22
3,16,247,135,1,0,1,0,1,51,1,68,16
5,17,240,9,3,0,1,0,1,36,1,60,10
2,16,278,181,1,0,1,0,2,59,1,58,22
5,12,136,191,3,0,1,0,1,36,1,60,10
9,15,185,200,1,0,1,0,1,53,1,11,22
5,14,136,75,3,0,0,0,1,15,1,79,5
5,11,113,324,1,1,1,4,1,29,1,73,12
9,10,84,305,1,1,1,1,1,65,1,24,26
9,10,87,313,1,1,1,1,1,65,1,24,26
5,18,235,144,3,1,0,0,1,36,1,60,10
5,17,155,163,3,1,1,0,1,14,1,51,5
3,17,257,100,1,1,1,0,1,51,1,68,16
5,16,122,81,0,1,1,0,1,8,0,59,9
6,12,90,256,1,1,1,0,1,11,1,78,19
5,10,29,44,3,1,1,4,1,3,1,5,1
5,8,21,211,3,1,1,2,1,3,1,5,1
3,16,235,125,1,1,1,0,1,51,1,68,16
3,16,235,211,1,1,1,0,1,51,1,68,16
3,17,297,110,1,1,1,0,1,73,1,60,24
6,14,182,289,1,1,1,0,1,44,1,52,19
5,6,24,256,3,1,1,2,1,3,1,5,1
3,10,83,282,1,1,1,2,1,55,1,58,16
3,12,124,125,3,1,1,0,1,34,1,16,10
5,13,141,234,1,1,1,2,1,28,1,80,12
1,17,272,81,1,1,1,0,1,60,1,75,22
1,10,65,125,1,1,1,2,1,19,1,10,17
1,11,95,211,1,1,1,0,1,19,1,10,17
5,9,61,289,1,1,1,4,1,27,1,40,12
9,14,188,256,1,1,1,0,1,53,1,11,22
3,9,113,328,1,1,1,2,1,55,1,75,16
7,14,74,337,1,1,1,2,1,29,1,66,12
3,14,95,144,3,1,1,0,1,6,1,40,3
3,13,74,62,3,1,1,0,1,6,1,40,3
5,12,108,256,1,1,1,2,1,29,1,73,12
5,15,167,234,3,1,1,2,1,40,1,31,10
5,19,195,11,3,1,1,0,1,36,1,43,10
3,13,65,211,3,1,1,0,1,6,1,40,3
5,13,214,311,1,1,1,0,2,53,1,29,12
5,12,133,355,1,1,1,2,1,29,1,73,12
5,7,14,154,3,1,1,0,3,0,1,5,1
5,6,10,211,3,1,1,0,1,3,1,5,1
1,16,272,188,1,1,1,0,1,58,1,71,22
8,16,221,302,1,1,1,2,1,15,1,85,14
6,12,161,370,1,1,1,0,1,41,1,20,19
3,18,141,44,3,1,1,0,1,19,1,14,7
5,15,133,100,3,1,1,0,1,15,1,22,5
3,10,129,335,1,1,1,0,1,76,1,67,24
5,12,161,329,1,1,1,0,1,29,1,82,12
5,11,125,234,1,1,1,1,1,53,1,49,12
5,17,183,39,3,1,1,0,1,36,1,33,10
3,10,58,125,3,1,1,2,1,34,1,16,10
5,14,108,302,3,1,1,0,1,15,1,22,5
5,12,135,272,1,1,1,2,1,29,1,82,12
1,10,40,211,1,1,1,2,1,19,1,10,17
5,11,32,211,3,1,1,0,1,3,1,5,1
9,17,230,91,1,1,1,0,1,48,1,11,22
5,9,28,234,3,1,1,2,1,3,1,5,1
5,6,14,302,3,1,1,4,1,3,1,5,1
7,13,64,302,1,1,1,0,1,29,1,66,12
5,11,27,211,3,1,1,0,1,3,1,5,1
5,5,3,272,3,1,1,2,1,3,1,5,1
5,13,156,302,1,1,1,2,1,29,1,82,12
5,13,186,110,0,1,1,0,2,35,0,72,15
0,12,93,163,1,1,1,0,1,32,1,63,12
3,12,235,227,1,1,1,0,1,76,1,67,24
1,10,44,305,1,1,1,2,1,19,1,10,17
4,11,64,289,1,1,1,2,1,13,1,30,19
3,16,98,81,3,1,1,0,1,6,1,40,3
3,12,72,289,3,1,1,2,1,20,1,7,7
3,13,74,234,3,1,1,0,1,6,1,40,3
1,14,189,289,1,1,1,0,1,58,1,71,22
3,18,172,188,3,1,1,0,1,37,1,11,10
3,11,117,272,1,1,1,2,1,76,1,67,24
1,17,235,170,1,1,1,0,1,60,1,75,22
5,10,33,125,3,1,1,4,1,3,1,5,1
5,15,107,150,0,1,1,0,1,9,0,59,9
3,10,53,258,3,1,1,2,1,34,1,16,10
5,12,72,234,1,1,1,0,1,28,1,80,12
5,15,104,234,0,1,1,0,1,8,0,59,9
3,12,212,302,1,1,1,0,1,74,1,69,24
5,10,24,188,3,1,1,4,1,3,1,5,1
9,10,61,367,1,1,1,0,1,27,1,62,11
5,12,93,302,1,1,1,0,1,28,1,80,12
5,16,174,62,3,1,1,0,1,36,1,60,10
3,14,113,62,3,1,1,0,1,20,1,7,7
6,17,131,62,3,1,1,0,1,14,1,76,6
9,11,87,302,1,1,1,2,1,65,1,24,26
3,11,139,272,1,1,1,2,1,76,1,67,24
5,12,95,272,1,1,1,2,1,28,1,80,12
5,12,113,353,1,1,1,0,1,29,1,82,12
5,11,113,320,1,1,1,0,2,52,1,29,12
6,17,117,68,3,0,1,0,1,5,1,27,2
3,15,235,272,1,1,1,0,1,51,1,68,16
5,14,133,71,3,1,1,0,1,15,1,22,5
5,11,106,349,1,1,1,2,1,53,1,49,12
3,13,220,331,1,1,1,0,1,76,1,67,24
5,10,44,211,3,1,1,0,1,18,1,34,5
5,12,151,302,1,1,1,2,2,52,1,29,12
5,13,129,256,1,1,1,2,1,29,1,73,12
5,10,20,289,3,1,1,1,1,3,1,5,1
3,11,107,125,1,1,1,2,1,55,1,75,16
3,10,58,272,3,1,1,4,1,34,1,16,10
3,12,74,132,3,1,1,0,1,6,1,40,3
5,9,44,170,3,1,1,2,1,45,1,40,10
5,18,191,35,3,1,1,0,1,36,1,36,10
5,15,188,117,3,1,1,0,1,40,1,31,10
3,16,294,149,1,1,1,2,1,73,1,3,24
7,14,151,179,1,1,1,0,1,50,1,75,12
5,13,159,188,1,1,1,0,1,29,1,82,12
3,14,188,125,1,1,1,0,1,51,1,68,16
3,14,188,342,1,1,1,2,1,51,1,68,16
9,12,87,256,1,1,1,4,1,27,1,62,11
3,12,64,223,3,1,1,2,1,6,1,40,3
9,16,209,95,1,1,1,0,1,68,1,60,22
1,14,188,318,1,1,1,0,1,58,1,71,22
3,12,161,305,1,1,1,4,1,75,1,67,24
5,12,126,351,1,1,1,2,1,29,1,82,12
6,11,151,234,1,1,1,0,1,41,1,8,19
3,12,203,234,1,1,1,2,1,76,1,67,24
8,16,188,125,1,1,1,0,1,16,1,85,14
3,16,110,100,3,1,1,0,1,6,1,40,3
3,17,301,145,1,1,1,0,1,73,1,3,24
9,12,113,211,1,1,1,2,1,27,1,62,11
5,17,234,125,3,1,1,0,1,36,1,60,10
5,14,83,125,3,1,1,0,1,4,1,70,1
5,16,218,302,3,1,0,0,1,36,1,43,10
6,11,81,202,1,1,1,2,1,11,1,78,19
5,13,209,163,1,1,1,0,1,29,1,82,12
3,11,135,272,1,1,1,2,1,75,1,67,24
8,14,181,234,1,1,1,2,1,16,1,85,14
6,16,233,197,1,1,1,2,2,41,1,39,19
5,11,192,360,1,1,1,2,2,52,1,29,12
6,16,234,197,1,1,1,2,2,41,1,39,19
5,11,53,163,3,1,1,2,1,3,1,5,1
3,13,68,211,3,1,1,0,1,6,1,40,3
3,13,58,125,3,1,1,0,1,6,1,40,3
6,16,107,62,3,1,1,0,1,14,1,76,6
3,11,187,201,1,0,0,0,1,76,1,67,24
3,10,80,178,3,0,1,0,1,34,1,16,10
7,17,183,100,3,1,1,0,1,43,1,14,11
7,11,65,354,1,1,1,0,1,24,1,84,16
3,9,30,158,3,1,1,2,1,20,1,7,7
3,15,272,289,1,1,1,0,1,73,1,3,24
5,8,21,321,3,1,1,2,1,3,1,5,1
5,13,155,197,1,1,1,2,1,29,1,82,12
5,13,145,289,1,1,1,2,1,29,1,82,12
3,15,252,110,1,1,1,0,1,51,1,68,16
5,7,10,359,3,1,1,2,1,3,1,5,1
3,16,221,188,1,1,1,0,1,51,1,68,16
3,11,141,272,1,1,1,2,1,76,1,67,24
5,15,155,91,3,1,1,0,1,15,1,79,5
5,19,201,11,3,1,1,0,1,36,1,43,10
5,11,188,289,1,1,1,2,2,52,1,29,12
4,13,74,289,1,1,1,0,1,13,1,30,19
5,13,231,188,1,1,1,2,2,53,1,29,12
5,13,229,196,1,1,1,2,2,53,1,29,12
6,13,172,302,1,1,1,0,1,41,1,19,19
6,13,177,302,1,1,1,0,1,41,1,19,19
4,18,298,44,1,1,1,0,1,72,1,10,21
3,8,38,110,3,1,1,0,1,20,1,7,7
3,11,74,142,3,0,1,0,1,6,1,40,3
5,14,133,162,3,0,1,0,1,15,1,51,5
5,12,123,203,3,0,1,2,1,36,1,43,10
1,15,195,293,1,0,1,2,1,60,1,75,22
5,16,113,62,3,1,1,2,1,15,1,79,5
6,15,83,100,3,1,1,4,1,14,1,76,6
3,12,66,125,3,1,1,2,1,6,1,40,3
5,15,172,188,3,1,1,0,1,36,1,18,10
5,11,61,291,3,1,1,0,1,3,1,5,1
5,13,125,211,1,1,1,2,1,29,1,82,12
5,9,38,272,3,1,1,4,1,18,1,34,5
3,16,109,81,3,1,1,0,1,20,1,14,5
5,13,113,44,3,1,1,0,1,15,1,22,5
5,17,203,35,3,1,1,0,1,15,1,79,5
3,14,289,211,1,1,1,0,1,73,1,3,24
7,16,155,234,1,1,1,0,1,29,1,74,12
3,13,221,241,1,1,1,4,1,76,1,67,24
5,12,181,298,1,1,1,2,1,29,1,82,12
9,14,188,302,1,1,1,2,1,62,1,15,22
5,9,39,62,3,1,1,0,1,3,1,5,1
3,13,57,211,3,1,1,0,1,6,1,40,3
6,15,221,100,1,1,1,0,1,67,1,2,19
6,18,129,81,3,1,1,0,1,14,1,76,6
3,7,24,302,3,1,1,2,1,20,1,7,7
3,16,83,87,3,1,1,0,1,20,1,14,5
5,9,24,93,3,1,1,2,1,3,1,5,1
5,14,221,234,1,1,1,0,2,53,1,29,12
5,4,1,123,3,1,1,0,1,3,1,5,1
5,16,161,62,3,1,0,0,1,14,1,22,5
5,18,221,44,3,1,0,0,1,36,1,60,10
5,14,147,100,3,1,1,0,1,36,1,18,10
5,19,209,11,3,1,1,0,1,36,1,43,10
1,10,55,327,1,1,1,0,1,19,1,10,17
3,8,98,302,1,1,1,2,1,55,1,75,16
5,4,14,166,3,0,1,2,1,3,1,5,1
5,18,207,43,3,0,1,0,1,36,1,43,10
1,17,272,143,1,0,1,2,1,60,1,75,22
3,16,285,129,1,0,1,0,1,73,1,21,24
5,15,239,200,1,0,1,0,2,53,1,29,12
5,12,188,197,1,0,1,0,2,52,1,29,12
3,13,188,225,1,0,1,0,1,51,1,68,16
5,16,215,211,1,0,1,0,1,29,1,82,12
5,13,159,254,1,0,1,0,1,29,1,73,12
5,12,125,179,1,1,1,0,1,29,1,73,12
3,15,84,158,3,1,1,0,1,6,1,40,3
3,7,53,188,3,1,1,2,1,20,1,7,7
5,3,7,289,3,1,1,4,1,3,1,5,1
5,17,126,163,3,1,1,0,1,15,1,79,5
3,18,178,6,3,1,0,0,1,19,1,14,7
7,9,44,234,1,1,1,0,1,53,1,41,12
5,6,28,110,3,1,1,2,1,3,1,5,1
1,14,221,289,1,1,1,2,1,58,1,71,22
5,15,214,112,3,1,1,0,1,40,1,31,10
1,17,258,100,1,1,1,2,1,60,1,75,22
7,16,133,245,1,1,1,0,1,50,1,25,12
5,13,95,188,3,1,1,2,1,15,1,22,5
5,14,40,62,3,1,1,4,1,4,1,70,1
5,4,5,256,3,1,0,2,1,3,1,5,1
9,10,64,256,1,1,1,0,1,65,1,24,26
3,16,174,256,3,1,1,0,1,37,1,11,10
5,14,72,115,3,1,1,2,1,4,1,70,1
5,13,122,100,1,1,1,0,1,28,1,80,12
5,16,203,62,3,1,1,0,1,38,1,46,10
5,12,45,245,3,1,1,0,1,4,1,70,1
5,17,215,163,3,1,0,0,1,36,1,60,10
5,16,129,81,3,1,1,0,1,15,1,22,5
3,10,125,330,1,1,1,1,1,55,1,75,16
5,12,57,163,3,1,1,2,1,4,1,70,1
5,11,83,234,1,1,1,4,1,28,1,80,12
3,13,61,264,3,1,1,2,1,6,1,40,3
3,15,87,188,3,1,1,0,1,6,1,40,3
3,17,238,163,1,1,1,2,1,51,1,42,16
1,16,257,188,1,1,1,0,1,58,1,71,22
3,11,81,62,3,1,1,4,1,20,1,7,7
5,9,27,256,3,1,1,4,1,3,1,5,1
3,11,151,214,1,1,1,2,1,76,1,67,24
9,11,113,219,1,1,1,2,1,27,1,62,11
5,5,6,188,3,1,1,2,1,3,1,5,1
5,15,90,44,3,1,1,0,1,4,1,70,1
5,2,3,296,3,1,1,0,1,3,1,5,1
5,19,81,211,3,1,1,2,1,16,1,56,5
7,17,155,163,3,1,1,0,1,43,1,14,11
5,12,131,211,1,1,1,2,1,29,1,82,12
5,10,90,289,1,1,1,2,1,27,1,40,12
9,13,95,243,1,1,1,2,1,49,1,11,22
3,10,53,188,3,1,1,2,1,34,1,16,10
5,13,156,256,1,1,1,0,1,29,1,82,12
7,9,53,355,1,1,1,2,1,53,1,41,12
3,9,35,303,3,1,1,2,1,34,1,16,10
3,14,215,256,1,1,1,0,1,51,1,42,16
1,11,61,289,1,1,1,0,1,19,1,10,17
1,12,74,289,1,1,1,0,1,22,1,10,17
7,17,199,211,1,1,1,0,1,50,1,25,12
5,15,80,163,3,1,1,0,1,4,1,70,1
3,17,94,105,3,1,1,0,1,6,1,40,3
5,14,74,88,3,1,1,0,1,4,1,70,1
5,12,117,211,1,1,1,4,1,29,1,82,12
3,16,209,188,1,1,1,0,1,51,1,68,16
9,10,95,234,1,1,1,2,1,65,1,24,26
3,11,45,163,3,1,1,2,1,6,1,40,3
6,16,117,81,3,1,1,0,1,14,1,76,6
5,13,57,211,3,1,1,0,1,18,1,34,5
9,15,192,163,1,1,1,0,1,50,1,11,22
8,11,95,256,1,1,1,0,1,18,1,85,14
5,14,83,69,3,1,1,0,1,4,1,70,1
0,12,53,234,1,1,1,0,1,32,1,63,12
7,17,266,188,1,1,1,0,1,69,1,49,21
5,12,68,322,1,1,1,2,1,28,1,80,12
1,17,265,256,1,1,1,0,1,60,1,75,22
1,10,37,234,1,1,1,4,1,19,1,10,17
3,10,83,305,1,1,1,0,1,55,1,75,16
5,14,210,105,3,1,1,0,1,56,1,28,15
3,14,289,163,1,1,1,0,1,73,1,3,24
5,6,27,188,3,1,1,0,1,3,1,5,1
3,13,215,211,1,1,1,2,1,76,1,67,24
5,11,61,211,1,1,1,2,1,28,1,80,12
5,16,214,55,3,1,1,0,1,36,1,33,10
5,9,44,81,3,1,1,2,1,3,1,5,1
9,12,74,302,1,1,1,4,1,27,1,62,11
5,16,163,174,3,1,1,0,1,40,1,31,10
3,11,125,163,1,1,1,2,1,52,1,58,16
5,3,7,188,3,1,1,0,1,3,1,5,1
5,15,107,234,3,1,1,2,1,15,1,22,5
3,12,58,149,3,1,1,2,1,6,1,40,3
3,12,125,289,1,1,1,2,1,52,1,44,16
3,11,133,278,1,1,1,2,1,75,1,67,24
5,7,19,234,3,1,1,4,1,3,1,5,1
1,14,188,362,1,0,1,0,1,58,1,71,22
1,17,280,91,1,0,1,0,1,58,1,71,22
1,13,172,314,1,0,1,2,1,54,1,69,22
4,10,44,365,1,1,1,0,1,12,1,35,19
3,15,221,35,1,1,1,0,1,51,1,68,16
4,10,57,364,1,1,1,0,1,12,1,35,19
9,10,93,197,1,1,1,2,1,65,1,24,26
5,16,151,35,3,1,0,0,1,15,1,79,5
3,11,95,234,1,1,1,2,1,52,1,58,16
3,16,292,125,1,1,1,0,1,50,1,45,16
3,12,172,234,1,1,1,2,1,75,1,67,24
6,15,66,188,3,1,1,0,1,14,1,76,6
5,11,106,256,1,1,1,0,1,29,1,73,12
5,13,139,256,1,1,1,0,1,29,1,82,12
5,13,65,188,3,1,1,2,1,18,1,34,5
5,12,124,234,1,1,1,1,1,29,1,82,12
3,17,199,100,3,1,1,0,1,19,1,14,7
3,9,104,317,1,1,1,2,1,55,1,75,16
6,15,101,188,3,1,1,2,1,14,1,76,6
5,14,113,95,3,1,1,0,1,15,1,79,5
5,17,153,100,3,1,0,2,1,15,1,79,5
5,14,151,110,3,1,1,2,1,39,1,18,10
5,13,98,110,3,1,1,2,1,15,1,22,5
5,6,35,163,3,1,1,4,1,3,1,5,1
1,10,38,292,1,1,1,2,1,19,1,10,17
7,11,27,326,1,1,1,0,1,24,1,1,18
9,19,79,163,1,1,1,0,1,49,1,11,22
3,16,172,81,3,1,1,0,1,37,1,11,10
6,15,61,62,3,1,1,0,1,14,1,76,6
3,10,87,272,1,1,1,2,1,55,1,75,16
3,10,104,337,1,1,1,0,1,55,1,75,16
1,11,28,211,1,1,1,1,1,19,1,10,17
5,11,98,81,1,1,1,2,1,53,1,49,12
5,11,125,272,1,1,1,2,1,29,1,73,12
7,14,161,81,1,1,1,0,1,29,1,74,12
3,9,84,234,3,1,1,0,1,20,1,7,7
6,13,221,310,1,1,1,0,1,67,1,6,19
9,17,221,238,1,1,0,0,1,71,1,55,22
5,16,149,124,3,1,1,0,1,36,1,23,10
3,17,247,125,1,1,1,0,1,52,1,68,16
5,11,141,176,1,1,1,2,1,29,1,73,12
3,16,265,172,1,1,1,0,1,51,1,68,16
5,15,133,62,3,1,1,2,1,15,1,22,5
5,13,56,302,3,1,1,2,1,4,1,70,1
3,13,90,163,3,1,1,0,1,6,1,40,3
5,9,40,272,3,1,1,0,1,3,1,5,1
9,11,101,311,1,1,1,2,1,65,1,24,26
5,10,64,225,3,1,1,2,1,18,1,34,5
1,12,74,81,1,1,1,0,1,22,1,10,17
3,10,117,340,1,1,1,2,1,75,1,67,24
3,10,125,340,1,1,1,2,1,75,1,67,24
7,9,38,100,1,1,1,2,1,53,1,41,12
5,13,65,100,3,1,1,2,1,4,1,70,1
5,13,147,211,1,1,1,2,1,29,1,73,12
9,11,68,360,1,1,1,0,1,27,1,62,11
3,11,156,326,1,1,1,2,1,76,1,67,24
3,12,106,211,3,1,1,0,1,34,1,16,10
5,5,14,302,3,1,1,4,1,3,1,5,1
5,17,247,125,3,1,1,0,1,56,1,28,15
3,17,113,81,3,1,1,0,1,6,1,40,3
5,13,53,125,3,1,1,4,1,4,1,70,1
7,11,53,302,1,1,1,0,1,23,1,77,16
3,15,85,188,3,1,1,0,1,20,1,14,5
3,13,74,125,3,1,1,0,1,6,1,40,3
5,7,9,234,3,1,1,2,1,3,1,5,1
7,10,53,211,1,1,1,2,1,24,1,84,16
3,11,151,272,1,1,1,2,1,76,1,67,24
3,9,53,211,3,1,1,2,1,34,1,16,10
1,12,106,302,1,1,1,2,1,22,1,10,17
3,12,106,211,3,1,1,2,1,34,1,16,10
3,15,272,311,1,1,1,0,1,50,1,45,16
3,15,280,315,1,1,1,0,1,50,1,45,16
9,9,104,302,1,1,1,4,1,65,1,24,26
9,14,214,105,1,1,1,0,1,53,1,11,22
5,8,35,211,3,1,1,2,1,3,1,5,1
1,11,48,292,1,1,1,2,1,19,1,10,17
5,11,133,256,1,1,1,0,2,52,1,29,12
3,15,276,151,1,1,1,2,1,73,1,3,24
1,18,280,62,1,1,1,0,1,60,1,75,22
5,3,4,211,3,1,1,2,1,3,1,5,1
1,14,95,320,1,1,1,0,1,20,1,10,17
7,16,177,125,3,1,1,0,1,43,1,14,11
5,13,48,211,3,1,1,4,1,4,1,70,1
5,19,117,11,3,1,1,0,1,4,1,61,1
5,12,38,211,3,1,1,2,1,4,1,70,1
5,6,6,302,3,1,1,4,1,3,1,5,1
5,12,129,272,1,1,1,0,1,29,1,82,12
8,14,151,234,1,1,1,0,1,15,1,85,14
3,11,172,211,1,1,1,0,1,76,1,67,24
5,18,210,54,3,1,1,0,1,36,1,43,10
3,11,151,330,1,1,1,4,1,76,1,67,24
3,10,151,285,1,1,1,0,1,75,1,67,24
5,12,221,256,1,1,1,0,2,52,1,29,12
5,15,172,125,3,1,1,0,1,40,1,31,10
5,10,133,188,1,1,1,0,1,29,1,73,12
3,11,87,197,3,1,1,0,1,34,1,16,10
5,13,203,251,1,1,1,0,1,29,1,82,12
3,13,48,188,3,1,1,2,1,6,1,40,3
3,18,259,135,1,1,1,0,1,52,1,68,16
5,15,135,302,1,1,1,0,1,28,1,80,12
5,13,139,302,1,1,1,2,1,29,1,82,12
6,16,113,81,3,1,1,0,1,14,1,76,6
8,14,174,272,1,1,1,2,1,16,1,85,14
5,12,68,139,3,1,1,2,1,18,1,34,5
3,14,182,272,1,1,1,2,1,51,1,68,16
3,13,113,196,3,1,1,0,1,34,1,16,10
5,12,122,256,1,1,1,2,1,29,1,73,12
3,13,104,44,3,1,1,0,1,34,1,16,10
5,16,147,110,3,1,0,0,1,14,1,22,5
3,11,43,100,3,1,1,2,1,6,1,40,3
3,7,28,188,3,1,1,2,1,34,1,16,10
1,10,74,175,1,0,1,2,1,19,1,10,17
5,13,107,69,3,1,1,0,1,15,1,22,5
5,14,188,97,3,1,1,0,1,56,1,28,15
6,12,133,141,1,1,1,2,1,41,1,20,19
5,15,124,109,3,1,1,0,1,15,1,22,5
3,11,28,62,3,1,1,0,1,6,1,40,3
3,18,188,5,3,1,1,0,1,37,1,11,10
1,17,280,110,1,1,1,0,1,60,1,75,22
5,17,124,163,0,1,1,0,1,8,0,59,9
5,15,205,125,3,1,1,2,1,56,1,28,15
3,18,139,100,3,1,1,0,1,19,1,14,7
7,18,182,62,3,1,1,0,1,42,1,14,11
5,12,113,289,1,1,1,4,1,29,1,73,12
6,16,106,48,3,1,1,2,1,14,1,76,6
5,11,44,234,3,1,1,4,1,3,1,5,1
5,19,235,62,3,1,1,0,1,49,1,81,10
9,17,270,223,1,1,0,0,1,69,1,49,22
5,10,38,320,1,1,1,0,1,27,1,40,12
3,11,95,302,1,1,1,2,1,55,1,75,16
9,17,280,223,1,1,0,0,1,69,1,49,22
5,14,187,256,1,1,1,0,2,52,1,29,12
6,11,195,272,1,1,1,2,1,33,1,57,19
9,14,145,163,1,1,1,0,1,53,1,11,22
5,14,79,81,3,1,1,0,1,4,1,70,1
5,12,151,77,1,1,1,0,1,29,1,73,12
3,12,155,234,1,1,1,2,1,76,1,67,24
5,10,57,272,1,1,1,2,1,27,1,40,12
5,14,185,264,3,1,1,2,1,40,1,31,10
3,18,288,60,1,1,1,0,1,50,1,63,16
1,16,269,105,1,1,1,0,1,60,1,75,22
5,11,40,256,3,1,1,4,1,18,1,34,5
1,16,272,110,1,1,1,0,1,60,1,75,22
5,12,129,302,1,1,1,0,1,29,1,73,12
5,13,149,234,1,1,1,2,1,29,1,82,12
5,13,155,211,1,1,1,1,1,29,1,82,12
5,8,53,302,1,1,1,2,1,27,1,40,12
8,13,188,370,1,1,1,0,1,15,1,85,14
5,7,23,188,3,1,1,0,1,3,1,5,1
1,13,195,152,1,1,1,0,1,60,1,54,22
5,14,221,163,3,1,1,0,1,38,1,46,10
5,9,99,266,1,1,1,2,1,31,1,40,12
5,17,147,62,3,1,1,0,1,15,1,22,5
5,17,147,52,3,1,1,0,1,15,1,22,5
7,9,53,188,1,1,1,0,1,23,1,77,16
3,15,247,125,1,1,1,0,1,51,1,42,16
6,16,113,100,3,1,1,0,1,14,1,76,6
5,15,151,349,1,1,1,0,1,29,1,82,12
3,11,77,256,1,1,1,0,1,55,1,75,16
9,12,87,234,1,1,1,2,1,27,1,62,11
5,16,239,110,3,1,0,0,1,36,1,43,10
3,14,89,272,3,1,1,2,1,20,1,7,7
5,12,68,287,3,1,1,2,1,15,1,22,5
3,12,90,125,3,1,1,2,1,6,1,40,3
3,13,65,234,3,1,1,0,1,6,1,40,3
5,3,7,211,3,1,1,1,1,3,1,5,1
3,11,107,256,1,1,1,0,1,55,1,75,16
5,8,53,211,1,1,1,0,1,27,1,40,12
3,13,87,188,3,1,1,2,1,6,1,40,3
4,12,74,351,1,1,1,0,1,12,1,30,19
3,12,174,302,1,1,0,2,1,75,1,67,24
3,13,181,234,1,1,1,2,1,76,1,67,24
9,10,77,302,1,1,1,4,1,27,1,62,11
5,16,147,100,3,1,1,0,1,15,1,22,5
5,18,252,21,3,1,1,0,1,61,1,40,5
9,10,104,228,1,1,1,2,1,27,1,62,11
5,17,160,100,3,1,0,0,1,14,1,22,5
7,17,181,289,1,1,1,2,1,50,1,25,12
7,12,106,272,1,1,1,0,1,53,1,66,12
1,13,98,256,1,1,1,2,1,14,1,4,17
1,13,107,272,1,1,1,2,1,14,1,4,17
1,11,74,234,1,1,1,2,1,19,1,10,17
5,14,87,289,3,1,1,0,1,15,1,22,5
7,10,36,163,1,1,1,2,1,24,1,84,16
5,11,66,234,3,1,1,4,1,18,1,34,5
5,15,172,44,3,1,1,0,1,36,1,18,10
9,15,206,188,1,0,1,0,1,69,1,48,22
3,14,204,214,1,0,1,0,1,51,1,68,16
3,13,166,212,1,0,1,0,1,51,1,68,16
1,10,49,229,1,0,1,2,1,19,1,10,17
9,14,222,209,1,0,0,0,1,70,1,64,22
5,14,221,211,1,1,1,0,2,52,1,29,12
5,10,84,344,1,1,1,0,1,27,1,40,12
9,10,133,272,1,1,1,2,1,65,1,24,26
5,15,172,125,3,1,1,0,1,36,1,18,10
9,17,304,99,1,0,0,0,1,70,1,64,22
3,19,251,2,3,0,1,0,1,37,1,26,10
6,16,234,108,1,0,1,0,3,41,1,39,19
5,15,145,35,3,0,0,0,1,15,1,79,5
3,14,265,186,1,0,1,0,1,73,1,3,24
3,12,117,323,1,1,1,0,1,53,1,58,16
3,12,113,323,1,1,1,0,1,53,1,58,16
3,16,266,125,1,1,1,2,1,73,1,60,24
9,10,68,289,1,1,1,0,1,65,1,24,26
5,17,186,35,3,0,0,0,1,15,1,79,5
5,17,251,66,3,0,0,0,1,38,1,46,10
5,16,214,117,3,0,1,0,1,36,1,36,10
5,17,251,52,3,0,1,0,1,36,1,36,10
5,16,125,163,3,1,1,0,1,15,1,79,5
5,15,68,110,3,1,1,2,1,4,1,70,1
5,14,139,112,3,1,1,0,1,39,1,18,10
1,10,24,351,1,1,1,2,1,19,1,10,17
5,11,14,234,3,1,1,0,1,18,1,34,5
5,6,19,302,3,1,1,2,1,3,1,5,1
8,17,226,211,1,1,1,0,1,15,1,85,14
3,11,110,263,1,0,1,2,1,52,1,58,16
7,11,83,234,1,1,1,0,1,52,1,37,12
3,13,74,234,3,1,1,2,1,6,1,40,3
3,9,113,256,1,1,1,2,1,55,1,75,16
5,17,209,81,3,1,1,0,1,36,1,43,10
1,17,233,41,3,1,1,0,1,57,1,18,8
3,17,113,35,3,1,1,2,1,20,1,14,5
5,11,61,41,3,1,1,0,1,18,1,34,5
6,18,235,17,3,1,1,0,2,26,1,10,6
3,12,51,160,3,1,1,2,1,6,1,40,3
3,10,113,163,1,1,1,0,1,55,1,75,16
7,10,57,349,1,1,1,2,1,24,1,84,16
7,10,57,349,1,1,1,2,1,23,1,77,16
5,13,124,289,1,1,1,4,1,28,1,80,12
8,17,252,298,1,1,1,0,1,16,1,85,14
5,19,149,0,3,1,1,0,1,36,1,43,10
5,12,95,302,1,1,1,2,1,28,1,80,12
2,16,280,76,1,0,1,0,2,59,1,58,22
9,16,247,163,1,1,1,0,1,70,1,65,22
3,16,77,108,3,1,1,0,1,6,1,40,3
9,16,224,163,1,1,0,0,1,68,1,60,22
1,10,57,243,1,1,1,2,1,19,1,10,17
3,18,142,56,3,1,1,0,1,19,1,14,7
7,11,37,163,1,1,1,0,1,23,1,77,16
3,7,74,272,3,1,1,2,1,20,1,7,7
5,4,21,211,3,1,1,1,1,3,1,5,1
3,19,172,0,3,1,1,0,1,21,1,14,7
6,14,233,234,1,1,1,0,3,41,1,39,19
5,12,159,330,1,1,1,0,1,29,1,82,12
1,12,84,280,1,1,1,0,1,22,1,10,17
9,19,257,81,1,1,1,0,1,71,1,53,22
5,12,135,272,1,1,1,4,1,29,1,73,12
3,14,289,218,1,1,1,0,1,73,1,3,24
9,12,106,337,1,1,1,2,1,65,1,24,26
5,11,215,272,1,1,1,2,1,29,1,82,12
5,14,107,243,3,1,1,2,1,15,1,79,5
3,10,95,100,3,1,1,0,1,20,1,7,7
5,15,221,110,3,1,1,2,1,38,1,46,10
4,14,125,302,1,1,1,2,1,13,1,38,19
3,11,205,289,1,1,1,2,1,76,1,67,24
6,11,61,223,1,1,1,0,1,11,1,78,19
5,14,161,167,3,0,1,0,1,36,1,60,10
5,16,181,95,3,0,1,0,1,36,1,33,10
5,14,120,93,3,0,1,0,1,36,1,23,10
3,11,113,302,1,1,1,4,1,76,1,67,24
9,12,106,302,1,1,1,0,1,27,1,62,11
9,12,117,234,1,1,1,0,1,27,1,62,11
5,9,33,302,3,1,1,0,1,18,1,34,5
8,13,143,302,1,1,1,0,1,15,1,85,14
6,18,95,110,3,1,1,0,1,14,1,76,6
1,9,79,211,1,1,1,0,1,19,1,10,17
1,16,277,274,1,1,1,0,1,58,1,71,22
9,11,125,360,1,1,1,0,1,65,1,24,26
5,10,113,301,1,1,1,2,1,27,1,40,12
7,17,287,62,1,1,1,0,1,69,1,49,21
7,17,284,67,1,1,1,0,1,69,1,49,21
5,14,74,211,3,1,1,0,1,4,1,70,1
7,17,280,42,1,1,1,0,1,69,1,49,21
3,14,283,188,1,1,1,0,1,73,1,3,24
5,12,235,120,1,1,1,0,2,53,1,29,12
5,11,74,254,1,1,1,2,1,28,1,80,12
5,12,229,119,1,1,1,2,2,53,1,29,12
5,10,74,256,1,1,1,4,1,27,1,40,12
5,12,188,302,1,1,1,4,2,52,1,29,12
5,16,188,145,3,1,1,0,1,38,1,46,10
8,11,162,256,1,1,1,1,1,47,1,47,14
5,10,64,256,3,1,1,0,1,3,1,5,1
5,9,48,234,3,1,1,0,1,3,1,5,1
5,2,10,343,3,1,1,4,1,3,1,5,1
5,17,142,42,3,1,1,0,1,15,1,22,5
5,14,100,206,3,0,1,0,1,16,1,56,5
6,15,209,256,1,1,1,2,1,41,1,8,19
5,7,38,211,3,1,1,1,3,0,1,5,1
3,13,90,101,3,1,1,0,1,34,1,16,10
5,14,125,62,0,1,1,0,1,8,0,59,9
3,13,44,191,3,1,1,0,1,6,1,40,3
3,12,84,62,3,1,1,0,1,6,1,40,3
5,13,106,198,3,2,0,0,1,15,1,79,5
5,17,224,46,3,0,0,0,1,36,1,60,10
5,17,181,105,3,0,1,0,1,36,1,33,10
5,16,214,256,3,1,1,0,1,36,1,60,10
7,17,133,69,3,1,1,0,1,43,1,14,11
5,16,133,211,3,1,1,0,1,15,1,22,5
6,12,132,190,1,0,1,2,1,44,1,52,19
9,10,120,197,1,0,1,2,1,65,1,24,26
3,15,87,272,3,1,1,0,1,20,1,14,5
3,14,272,163,1,1,1,0,1,73,1,3,24
9,16,221,157,1,1,1,0,1,68,1,60,22
5,12,66,54,3,1,1,0,1,4,1,70,1
1,17,257,118,1,0,1,0,1,54,1,69,22
3,15,291,234,1,1,1,0,1,73,1,3,24
9,13,130,302,1,1,1,2,1,53,1,11,22
5,11,122,205,1,1,1,0,1,29,1,82,12
3,11,74,81,3,1,1,0,1,6,1,40,3
1,17,275,165,1,0,1,0,1,58,1,71,22
3,15,235,291,1,1,1,2,1,51,1,42,16
5,17,235,152,3,1,1,2,1,61,1,40,5
1,10,44,256,1,1,1,4,1,19,1,10,17
8,13,104,256,1,1,1,4,1,17,1,85,14
7,18,221,62,3,1,1,0,1,42,1,14,11
5,9,53,211,1,1,1,2,1,27,1,40,12
5,7,16,272,3,1,1,2,1,3,1,5,1
5,12,172,260,1,1,1,4,2,52,1,29,12
7,17,265,33,1,1,1,0,1,69,1,49,21
3,13,209,272,1,1,1,1,1,51,1,68,16
1,17,288,188,1,1,1,0,1,60,1,75,22
5,16,245,35,3,1,0,0,1,38,1,46,10
5,18,185,11,3,1,0,0,1,36,1,23,10
7,16,209,91,1,1,1,0,1,29,1,74,12
3,17,219,62,3,1,1,0,1,37,1,11,10
5,15,172,272,3,1,1,0,1,36,1,18,10
3,17,298,125,1,1,1,0,1,73,1,60,24
3,11,95,144,3,1,1,0,1,34,1,16,10
3,16,113,86,3,1,1,0,1,6,1,40,3
5,16,215,81,3,1,1,0,1,36,1,60,10
5,18,161,11,3,1,0,0,1,14,1,54,5
1,13,188,282,1,0,1,0,1,60,1,54,22
5,13,182,256,1,1,1,0,1,29,1,73,12
5,0,0,256,3,1,1,2,1,3,1,5,1
3,11,48,197,3,1,1,0,1,6,1,40,3
3,13,240,188,1,1,1,0,1,76,1,67,24
6,17,303,39,1,1,1,0,1,67,1,17,19
5,8,24,188,3,1,1,0,1,3,1,5,1
5,11,188,264,1,1,1,0,2,52,1,29,12
5,14,172,300,3,1,1,0,1,40,1,31,10
5,15,76,100,3,1,1,0,1,4,1,70,1
5,3,10,125,3,1,1,0,1,3,1,5,1
5,14,113,146,3,1,1,2,1,15,1,22,5
6,15,214,20,1,0,1,0,3,41,1,39,19
3,17,280,211,1,1,1,0,1,73,1,60,24
3,11,117,256,1,1,1,2,1,52,1,58,16
3,10,83,188,3,1,1,2,1,20,1,7,7
3,14,221,211,1,1,1,0,1,51,1,68,16
1,10,53,348,1,1,1,2,1,19,1,10,17
5,11,138,256,1,1,1,2,1,29,1,73,12
7,12,48,302,1,1,1,2,1,29,1,66,12
3,11,49,110,3,1,1,2,1,6,1,40,3
3,11,61,202,3,1,1,2,1,34,1,16,10
5,15,104,147,3,1,1,0,1,4,1,70,1
3,11,151,360,1,1,1,2,1,76,1,67,24
5,17,144,100,3,1,1,0,1,15,1,22,5
5,10,27,290,3,1,1,4,1,18,1,34,5
5,5,19,211,3,1,1,4,1,3,1,5,1
6,16,247,63,1,0,0,0,1,69,1,8,19
5,17,159,100,3,1,0,0,1,15,1,79,5
5,17,129,81,3,1,1,2,1,15,1,22,5
3,16,252,93,1,1,1,0,1,51,1,68,16
3,10,151,272,1,1,1,0,1,75,1,67,24
1,11,79,358,1,1,1,0,1,19,1,10,17
1,17,269,197,1,1,1,0,1,60,1,75,22
7,17,257,245,1,1,1,2,1,69,1,49,21
3,10,151,309,1,1,1,2,1,76,1,67,24
3,11,151,309,1,1,1,2,1,76,1,67,24
6,12,106,272,1,1,1,4,1,41,1,19,19
5,16,141,39,3,1,1,0,1,15,1,79,5
8,13,141,163,1,1,1,0,1,17,1,85,14
5,10,53,217,3,1,1,0,1,3,1,5,1
5,16,117,234,3,1,1,0,1,15,1,22,5
3,13,161,234,1,1,1,2,1,51,1,68,16
